https://assets.higgsfield.ai/tanstack/assets/cd8179dd-BrHdT5Vc_gcCkBqR.png	img/86cdafcaa54b24c1.jpg	13233	120x64
https://assets.higgsfield.ai/tanstack/assets/cd8179dd-5qmWhsS6x3V_f94H.png	img/5b44c17f1829ab79.jpg	14706	120x64
https://assets.higgsfield.ai/tanstack/assets/cd8179dd-24ot_2makZJduGoa.png	img/6d8ae54f24503d8c.jpg	31013	109x194
https://assets.higgsfield.ai/tanstack/assets/cd8179dd-5osdfqR7t9La6u0c.png	img/eaff77ce3bdeddcc.jpg	71821	172x304
https://assets.higgsfield.ai/tanstack/assets/cd8179dd-9kw_yols8tRp53oy.png	img/b339ad3b7fedc1f6.jpg	17671	120x64
https://assets.higgsfield.ai/tanstack/assets/cd8179dd-9ff9pdFqZWNeyNt4.png	img/93127e7d098359c0.jpg	41240	109x194
https://assets.higgsfield.ai/tanstack/assets/cd8179dd-8hj3gDdxTbSrW2lh.png	img/6ae87ea9285234bd.jpg	85353	184x304
https://assets.higgsfield.ai/tanstack/assets/cd8179dd-5Wg6Zdf2pxHHbdb1.webp	img/c3e23b9d00b74787.jpg	73936	736x920
https://assets.higgsfield.ai/tanstack/assets/cd8179dd-FfHCzCOPIaS3yI3B.png	img/b2c5a53f81fb6acd.jpg	19935	109x194
https://assets.higgsfield.ai/tanstack/assets/cd8179dd-Cfjo0oa62xcGMK_g.png	img/7f988fa8ee6b9c89.jpg	46133	109x194
https://assets.higgsfield.ai/tanstack/assets/cd8179dd-E6C03Hsu0oTthG1d.png	img/7d851d810f9651f3.jpg	45892	215x304
https://assets.higgsfield.ai/tanstack/assets/cd8179dd-HPS47FNw0TjUSq2Q.png	img/94174f194c2bf8e0.jpg	74717	170x305
https://assets.higgsfield.ai/tanstack/assets/cd8179dd-GHFGjOet8taHVZOQ.webp	img/adad837252500bcf.jpg	82670	1034x1856
https://assets.higgsfield.ai/tanstack/assets/cd8179dd-Qm_OH3RQhnkav8ib.png	img/6d3dfb4c17705597.jpg	106380	217x304
https://assets.higgsfield.ai/tanstack/assets/cd8179dd-NkD0E1ildPuyQKPg.png	img/633a262676573113.jpg	55631	227x305
https://assets.higgsfield.ai/tanstack/assets/cd8179dd-P_j7DsrQyngbn4iN.png	img/a3694a175b187914.jpg	152340	243x305
https://assets.higgsfield.ai/tanstack/assets/cd8179dd-SGeweZRg-xyhFlr6.png	img/50a128669e5d6333.jpg	92387	171x305
https://assets.higgsfield.ai/tanstack/assets/cd8179dd-SLcqOCXYFn_75QkO.png	img/06f589e76e5d8db6.jpg	10045	316x306
https://assets.higgsfield.ai/tanstack/assets/cd8179dd-byHuOkiHKRyBrYTF.png	img/f3e2db3a3240e16b.jpg	69295	218x305
https://assets.higgsfield.ai/tanstack/assets/cd8179dd-dKRVRhvjbVbjmP3n.png	img/cd774421b5bd1ec4.jpg	69725	244x304
https://assets.higgsfield.ai/tanstack/assets/cd8179dd-gM-eNL0PVecCa5UI.png	img/18b2722f5f957439.jpg	85049	171x304
https://assets.higgsfield.ai/tanstack/assets/cd8179dd-ctG5nUD1p1HL4XPL.png	img/83fa0b87225b71d0.jpg	79388	215x304
https://assets.higgsfield.ai/tanstack/assets/cd8179dd-gHZYq9-SUPbN8l3P.png	img/7afe7bdd861aa923.jpg	88055	217x306
https://assets.higgsfield.ai/tanstack/assets/cd8179dd-gzDBdgWrFMdoQViZ.png	img/f034c7d03d8aa962.jpg	45303	215x304
https://assets.higgsfield.ai/tanstack/assets/cd8179dd-itY5mtTRm0aoLUAw.png	img/986b8ad0825903ed.jpg	78149	544x306
https://assets.higgsfield.ai/tanstack/assets/cd8179dd-kKw5uaEW-WnkvLzJ.webp	img/2db12260d35c529f.jpg	64382	1144x620
https://assets.higgsfield.ai/tanstack/assets/cd8179dd-n3WRxuUEen8FhaMu.png	img/b18db0e5cee2c58b.jpg	44655	109x194
https://assets.higgsfield.ai/tanstack/assets/cd8179dd-p2mceF0-GXzay4pC.webp	img/ba306e60f3f958c7.jpg	44164	464x790
https://assets.higgsfield.ai/tanstack/assets/cd8179dd-qrQyNVPlLmKhMYlT.png	img/7af2cd396d3ff997.jpg	44210	109x194
https://assets.higgsfield.ai/tanstack/assets/cd8179dd-ll2m8dd-VGGXCNG4.png	img/6b735364720d2115.jpg	119743	181x304
https://assets.higgsfield.ai/tanstack/assets/cd8179dd-nSO46dKR1ZdGH9pe.png	img/683f522ab2631074.jpg	35342	109x194
https://assets.higgsfield.ai/tanstack/assets/cd8179dd-m0dQnolRqa82YEin.png	img/13d27a8326b038eb.jpg	31912	109x194
https://assets.higgsfield.ai/tanstack/assets/cd8179dd-r_eY03sCUYQ_Bqxt.png	img/13d74c039fff0e67.jpg	15370	120x64
https://assets.higgsfield.ai/tanstack/assets/cd8179dd-sYRxfIGUrwn3x0P3.jpg	img/2d89de1a279ff35c.jpg	72898	683x1024
https://assets.higgsfield.ai/tanstack/assets/cd8179dd-yJOyy6I1ys0XX_W4.png	img/8f6a62c919d3d558.jpg	119469	276x304
https://assets.higgsfield.ai/tanstack/assets/cd8179dd-yqk89Pti8UzRm4eX.png	img/34079eb527c98378.jpg	50891	109x194
https://cdn.higgsfield.ai/03924a9c-de03-42c4-aec2-bf184cdc40d5_thumb.webp	img/8c05217f1db452d3.jpg	98724	720x302
https://cdn.higgsfield.ai/0d111745-acb4-4b10-89d7-a47277ab93ff.webp	img/25ecc921cc56d819.jpg	169420	600x450
https://cdn.higgsfield.ai/14be9bd0-1777-4e46-abc1-4c3805905a12.webp	img/a6464ad640ded311.jpg	214162	600x600
https://assets.higgsfield.ai/tanstack/assets/cd8179dd-yVujt7YysaustE4Q.webp	img/9a327aa6312e863d.jpg	165178	2048x1152
https://cdn.higgsfield.ai/2286bb5a-d630-4005-b749-6661e1679f63.webp	img/7efa2d49cd9dd052.jpg	183934	1624x270
https://cdn.higgsfield.ai/26b1630c-3606-437c-a167-83730e42c570.webp	img/8fb35f2b9d7b65f2.jpg	113920	600x450
https://cdn.higgsfield.ai/327b5d85-9544-4963-a745-b4e729889cc5_thumb.webp	img/740e9a32527bd9d9.jpg	81390	720x406
https://cdn.higgsfield.ai/407a3824-b372-4c14-948f-923c5394b69f.webp	img/16b6672383d5e0c8.jpg	89298	1080x608
https://cdn.higgsfield.ai/4b5787f6-5f20-4ea8-a027-20fc503c8fb9.webp	img/0c3fb378f51cd23b.jpg	305752	600x1066
https://cdn.higgsfield.ai/4a0061fe-eb6f-4deb-850a-f6f445ef18b7_thumb.webp	img/27af6b3046027d48.jpg	73280	720x302
https://cdn.higgsfield.ai/173ce30d-353d-451e-bdfe-da398e701fb5.webp	img/2e6009e97522e9b3.jpg	30272	1080x608
https://cdn.higgsfield.ai/5c5153c8-1193-4874-a092-26e87ea2dfff.webp	img/8a84e011ea065682.jpg	52274	1080x608
https://cdn.higgsfield.ai/60232189-54a0-4ca8-ba19-79936912a2d0.webp	img/be2e0e71e0f543f5.jpg	113492	600x450
https://cdn.higgsfield.ai/55096873-04a0-4c26-997a-dc18759b022e.webp	img/41fd9508ea8d6278.jpg	44702	1080x608
https://cdn.higgsfield.ai/633beb74-a0c3-4394-a843-56cd436030ee.webp	img/e36d3a9b9e1628c5.jpg	82772	1080x608
https://cdn.higgsfield.ai/68b2264d-2679-47d3-b9f4-b6b055a57ed1_thumb.webp	img/996ebe73c8cc2744.jpg	83470	720x406
https://cdn.higgsfield.ai/6934665d-0b5d-492b-8786-1c495937b46c.webp	img/38e98748ce25661a.jpg	84754	600x450
https://cdn.higgsfield.ai/70994afe-9800-4669-b9b3-b02875f42a21.webp	img/d5f25b1805f30404.jpg	240542	600x900
https://cdn.higgsfield.ai/6354d183-4268-406e-87a9-0aa84b713ae8.webp	img/aac1499cb6b78966.jpg	27378	1080x608
https://cdn.higgsfield.ai/8a939ef5-e085-4678-aac3-d1688a9810c8.webp	img/c7a58f7e15c82d01.jpg	45518	1080x608
https://cdn.higgsfield.ai/8e6a5979-ca96-456b-b1bb-8cfc08353aa9.webp	img/c0c8d9fcdc7e5324.jpg	92066	1080x608
https://cdn.higgsfield.ai/8ab53648-e4d3-41ad-900e-b38b6f33dbaf.webp	img/bf5556e74063c5fd.jpg	220632	600x800
https://cdn.higgsfield.ai/a3192d88-fdd9-408b-8f65-b788e751abe6_thumb.webp	img/974cfa90af798c5a.jpg	67088	720x406
https://cdn.higgsfield.ai/a47ce84e-6866-4718-8c9c-7f7efa6076cd.webp	img/92a5fb7a1b05e9ad.jpg	26520	1080x608
https://cdn.higgsfield.ai/a5c1fbe1-cc8f-4ec8-afc8-188d783adc06.webp	img/03f3623be94888cb.jpg	51006	1080x608
https://cdn.higgsfield.ai/ad865856-1d68-4d3b-a239-7970c84b8448.webp	img/5acf7f9c77ab13a1.jpg	86068	1080x608
https://cdn.higgsfield.ai/8f4c23e3-659e-4e15-b52a-0d115f1f74fd_thumb.webp	img/824992d9d876e28a.jpg	52290	720x406
https://cdn.higgsfield.ai/application_detail/056e6ffc-a1d6-4009-a4ba-d2ad01ba21b0.webp	img/73ec39c4fd78746c.jpg	52064	1200x900
https://cdn.higgsfield.ai/application_detail/035c4d4c-e5e8-4f8b-b2af-913ef19d70c2.webp	img/a7be613ecd61e0f8.jpg	178976	1200x1644
https://cdn.higgsfield.ai/application_detail/084dbb43-89c7-4289-aa54-99ec18be0b8b.webp	img/828eda7caf780e14.jpg	62848	1200x1200
https://cdn.higgsfield.ai/application_detail/0c4ac31c-594b-41d5-a2ef-f19541ed9167.webp	img/e4040d808264b7c4.jpg	13286	600x800
https://cdn.higgsfield.ai/application_detail/0c4927de-8dc4-45e9-bfb7-4a4cbc6e8d26.webp	img/3e743d0f1e9a3977.jpg	32274	1200x1644
https://cdn.higgsfield.ai/application_detail/09797f6b-0a74-46a0-a4e7-52ffff5e46c9.webp	img/fe64731b1f946e36.jpg	56508	1200x1600
https://cdn.higgsfield.ai/79b40150-283a-45c5-bd0b-fcdf4ed55b4a_thumb.webp	img/c94ec3f7a86c6d66.jpg	144502	720x406
https://cdn.higgsfield.ai/application_detail/158a434a-03fa-4c41-9ed6-13b8ff1fdb14.webp	img/3d21c1c8ccd1059b.jpg	42670	1200x1648
https://cdn.higgsfield.ai/application_detail/16b2e6d0-4c04-4adf-9a07-2f50e959fc20.webp	img/7d321ae10df5139a.jpg	41798	1200x1200
https://cdn.higgsfield.ai/application_detail/2d8711af-0500-48cb-a19d-a8dd4c10b341.webp	img/4d4331d69386e184.jpg	18114	1200x876
https://cdn.higgsfield.ai/application_detail/300ab663-f9af-403f-a983-fedc178dd424.webp	img/fc8e5b0659cda059.jpg	48192	1200x1200
https://cdn.higgsfield.ai/application_detail/331b08a7-223e-4b1f-b672-82198bb39665.webp	img/d5bc650aa761ae3d.jpg	2460	600x338
https://cdn.higgsfield.ai/application_detail/39c2fd5e-acea-4f7c-b9cb-e90b92dcbf79.webp	img/112fde0a39504981.jpg	47988	1200x876
https://cdn.higgsfield.ai/application_detail/3c43902a-1e98-461d-9064-a24b8e6cca87.webp	img/690d0968bdf1e46e.jpg	10324	1200x680
https://cdn.higgsfield.ai/application_detail/112351ba-7f37-4f2e-bf79-9674dee6680a.webp	img/5103483abe9c163f.jpg	40648	1200x1200
https://cdn.higgsfield.ai/application_detail/42e43298-2937-4fc5-baf7-8c2f96642fc2.webp	img/4cadade26eb1692c.jpg	63088	1200x1646
https://cdn.higgsfield.ai/application_detail/495fa3a6-902e-4993-b6cc-0c0c210d9ea7.webp	img/8c98f572313a595e.jpg	15820	1200x876
https://cdn.higgsfield.ai/application_detail/4a8d63b7-57be-409b-9293-58bea4a9793f.webp	img/0029bbe95c636f66.jpg	88490	1200x900
https://cdn.higgsfield.ai/application_detail/44391710-571e-4db8-b720-67cc6ad2a6f5.webp	img/3c3d6a7a01a5bb74.jpg	85058	1200x1644
https://cdn.higgsfield.ai/application_detail/520f8482-2255-4621-ac1d-c0c8bf43986b.webp	img/4bd7d6e94c1e014d.jpg	16616	600x800
https://cdn.higgsfield.ai/application_detail/4537beb2-7661-480e-b67b-84605101f2a0.webp	img/52606b2e7c0bd69c.jpg	26822	1200x1648
https://cdn.higgsfield.ai/application_detail/5ae8e891-604d-439a-ad58-df774dfc4e4a.webp	img/fbc18ebabd6984d7.jpg	93220	1200x876
https://cdn.higgsfield.ai/application_detail/64a2d851-610f-4e51-bd82-5c5e0d1486b7.webp	img/0d21dbb42d4d7174.jpg	19662	600x600
https://cdn.higgsfield.ai/application_detail/6085dda2-a4db-4aa2-963f-a2c49e98d1bf.webp	img/d9e7be6560fce802.jpg	18964	1200x1600
https://cdn.higgsfield.ai/application_detail/692416c9-3ef7-48a8-930c-d7867db54cb3.webp	img/7cdeb4dc413ee458.jpg	6372	600x400
https://cdn.higgsfield.ai/application_detail/5e597a3f-dba7-46cd-bebd-22996547f9fd.webp	img/9cf6c350479a144a.jpg	23800	1200x876
https://cdn.higgsfield.ai/application_detail/6184303f-c816-4d7a-a9ac-3f8d77eda4f4.webp	img/7e64e7a1ee94ef5a.jpg	131584	1200x1644
https://cdn.higgsfield.ai/application_detail/6dd0f2e0-3478-4f5e-80c9-3e6ea1f6f929.webp	img/2943adae72b042ae.jpg	4242	600x400
https://cdn.higgsfield.ai/application_detail/5e6817cc-fe68-42e6-8e36-6afd77bacd41.webp	img/c311635a810f4ea6.jpg	18292	600x800
https://cdn.higgsfield.ai/application_detail/7c78c811-f237-412e-8a0a-7fe882d4563f.webp	img/0239e5a376e50c8a.jpg	16956	1200x1200
https://cdn.higgsfield.ai/application_detail/814ce793-afdc-472e-8a2e-206a802d8044.webp	img/0a34a0f76b3883d8.jpg	54348	1200x1648
https://cdn.higgsfield.ai/application_detail/82e97c2a-356f-4757-9bd7-e58e7ed51368.webp	img/1983ba594f59781f.jpg	3476	600x400
https://cdn.higgsfield.ai/application_detail/8db62e84-5b2a-49fe-934d-232d29b4e513.webp	img/42c3c3f62c6b2d00.jpg	11902	600x600
https://cdn.higgsfield.ai/application_detail/8c747faa-6b5b-4ca9-ac50-35ac43fb687f.webp	img/3e007e20bcef2964.jpg	29510	1200x1644
https://cdn.higgsfield.ai/application_detail/8daf4022-ccb5-437e-9292-0d71a05ff258.webp	img/2cab19cc4cd97775.jpg	25886	1200x1200
https://cdn.higgsfield.ai/application_detail/946d2f38-3f6f-4e1e-bd96-51352a788d92.webp	img/3b0c3938b52b7846.jpg	12434	600x334
https://cdn.higgsfield.ai/application_detail/9111491d-5670-4337-9983-b92c2e32c39c.webp	img/fecb599c2888044d.jpg	24314	1200x1200
https://cdn.higgsfield.ai/application_detail/9f4cc80d-5ca5-424b-97d4-8101ba550ecb.webp	img/8ee4077e48df7ae9.jpg	11848	600x600
https://cdn.higgsfield.ai/application_detail/9836a3c3-62a4-41b4-bc4b-1abcf78208f4.webp	img/fa433f723bd61874.jpg	24032	1200x1200
https://cdn.higgsfield.ai/application_detail/a6b29cbe-e9ec-44fc-aa22-f8626008a665.webp	img/a494ee683e5a84b5.jpg	14590	600x600
https://cdn.higgsfield.ai/application_detail/a6759e78-36f9-442f-b62c-5a33c2da813a.webp	img/b30f13b356281e69.jpg	49222	1200x800
https://cdn.higgsfield.ai/application_detail/98d2d9de-2087-41d8-8aab-96ca16426f15.webp	img/5843f3bfffd831e6.jpg	34570	1200x1644
https://cdn.higgsfield.ai/application_detail/b32fed3f-bfad-4f9f-b674-1d8d55d3266e.webp	img/a49dd35d3cc7b7c2.jpg	25284	1200x900
https://cdn.higgsfield.ai/application_detail/b6d3468b-9aae-44b9-a84e-27276c6b079c.webp	img/e69cd7a3377dfdcb.jpg	15402	600x600
https://cdn.higgsfield.ai/application_detail/aef3e8a1-690c-41e7-90cd-490c383523c6.webp	img/bb59fe8939885f0e.jpg	6318	600x400
https://cdn.higgsfield.ai/application_detail/baf0c647-c2f8-4378-8c88-a7b4e7d0a9b3.webp	img/66e6e401c1de1a17.jpg	34994	1200x1200
https://cdn.higgsfield.ai/application_detail/bda7b8b8-95e6-4db0-895e-00ae44a7e5fe.webp	img/ef5563be97b90ef1.jpg	91378	1200x1648
https://cdn.higgsfield.ai/application_detail/bfafe4ab-2d2c-42c3-96da-e2757c022127.webp	img/c31aa959f877cb17.jpg	54850	1200x1200
https://cdn.higgsfield.ai/application_detail/c77244ba-288f-409b-aa9d-8ec7617d8f7b.webp	img/0a96ffd21fc2a028.jpg	9308	600x400
https://cdn.higgsfield.ai/application_detail/c5eafbda-2287-477a-9aaf-e2fd463ea334.webp	img/34cbb74664847ce9.jpg	4794	600x600
https://cdn.higgsfield.ai/application_detail/caab97a7-e348-49de-8128-b32851a9a0fd.webp	img/af2d1819d8ebc288.jpg	30534	1200x1644
https://cdn.higgsfield.ai/application_detail/d07e3c2f-3c48-4972-bc13-066a472ec958.webp	img/7ce0278492b2b566.jpg	11032	600x600
https://cdn.higgsfield.ai/application_detail/d2442796-41e4-4baa-b32b-5e5eeddd4538.webp	img/0db4791429a2bc0f.jpg	34930	1200x684
https://cdn.higgsfield.ai/application_detail/d9465826-44c5-482d-bb39-599933ed4d9e.webp	img/e20099e183765e9c.jpg	7320	600x600
https://cdn.higgsfield.ai/application_detail/dcc8cb18-3e67-4265-8e45-c0280b9d700b.webp	img/416bef1ebf3ff061.jpg	44680	1200x874
https://cdn.higgsfield.ai/application_detail/d1e2476e-5023-41bf-8045-a93904db7c7d.webp	img/294e7f5bfa9a54a9.jpg	26774	1200x900
https://cdn.higgsfield.ai/application_detail/c8947303-de12-4319-8492-2aa712ee2a23.webp	img/23e588af7e2bc095.jpg	53162	1200x2100
https://cdn.higgsfield.ai/application_detail/cb454f05-d0d0-4670-ba49-584c6147dce2.webp	img/dde08ab05eb56084.jpg	55764	1200x1644
https://cdn.higgsfield.ai/application_detail/e692d10a-b08e-47e8-908d-84d5889be89d.webp	img/7166ef419ae3acb6.jpg	14974	1200x876
https://cdn.higgsfield.ai/application_detail/e906c0a0-0b9c-4821-a9aa-90e568766447.webp	img/d620fa5c88a0baff.jpg	23538	1200x874
https://cdn.higgsfield.ai/application_detail/ed583f2e-944a-4712-84f0-3b50195a5ff6.webp	img/7dae5ee8df47a42b.jpg	23882	1200x874
https://cdn.higgsfield.ai/application_detail/e3665a61-f10c-4bcc-aca2-749a6d43f4ff.webp	img/2c14fd114dfddcde.jpg	44412	1200x1600
https://cdn.higgsfield.ai/application_detail/eee8b9de-3abb-4cc3-8104-bffc4c2126ef.webp	img/50164bc928289474.jpg	10292	600x800
https://cdn.higgsfield.ai/application_detail/f0de4cb3-c0da-49ef-8e5f-7bea1ea80f21.webp	img/bf868dc9e545fcee.jpg	4216	600x338
https://cdn.higgsfield.ai/application_detail/eee20fca-ff52-4cb3-9b84-6caf8d1e5038.webp	img/8c18d75634e9b839.jpg	215014	1200x1648
https://cdn.higgsfield.ai/application_detail/f04adec1-042c-498b-9173-293a32c8b9ce.webp	img/8cbb889b99601a2a.jpg	4314	600x600
https://cdn.higgsfield.ai/application_detail/f1193d86-fa47-4c57-bddc-d1bdd0e59dd2.webp	img/62ab73e4c015c7fa.jpg	45630	1200x876
https://cdn.higgsfield.ai/application_detail/f6fdf236-924e-4d80-8d69-4cb2826ce8f8.webp	img/ecd9a4f1e28222cb.jpg	15508	600x600
https://cdn.higgsfield.ai/application_detail/f6a30266-5ec9-4b03-b682-093e53dc0dbd.webp	img/cd4cf26ee7d14d72.jpg	8812	600x400
https://cdn.higgsfield.ai/application_detail/f27475da-fe70-4ef3-80d1-31a2aba399a9.webp	img/b80f8e0e5994dfc5.jpg	38570	1200x1648
https://cdn.higgsfield.ai/application_detail/f7b81045-939b-4cf0-a3be-5310171f709c.webp	img/252be2018e66eb60.jpg	8472	1200x676
https://cdn.higgsfield.ai/application_detail/ff56aba9-f377-43d4-9fa0-7c77ca8f9502.webp	img/564d9db123b6a7aa.jpg	5764	600x600
https://cdn.higgsfield.ai/application_detail/fb561ca9-9556-4796-890e-f2a854955406.webp	img/eccd15b66163d95d.jpg	69880	1200x1800
https://cdn.higgsfield.ai/application_input/11497e8e-dc50-4e06-a963-5689eba7def3.webp	img/7b2c5f1ab30b9aa4.jpg	16074	600x600
https://cdn.higgsfield.ai/application_main/01dcbf42-7014-44be-9e4c-1e6fb4f6b1ad.webp	img/6bb7167a1cc69e34.jpg	24650	600x802
https://cdn.higgsfield.ai/application_input/e7f5ff4a-946b-49d1-9b5c-b6a20df34ef6.webp	img/9500fe03533e5ac9.jpg	19572	600x600
https://cdn.higgsfield.ai/application_main/04fbe06b-6c13-40cd-a85d-0bbf5ca914b0.webp	img/cf9ff84764885558.jpg	12894	600x600
https://cdn.higgsfield.ai/application_main/07eaf8dd-f9fd-474e-b33c-2fe989acdc9e.webp	img/0018e2492baade99.jpg	9844	600x600
https://cdn.higgsfield.ai/application_main/0a4a684e-c433-495e-98e5-25de971449e0.webp	img/f79aa0b4635424f8.jpg	14240	600x822
https://cdn.higgsfield.ai/application_detail/feb1d87b-3bd6-4510-9f5e-c31fdfed28c9.webp	img/62f8f4318a0a4a16.jpg	6126	600x600
https://cdn.higgsfield.ai/application_main/1781bf7b-6da2-4c83-a2ac-f0110239fa42.webp	img/8fe952534a5bdd3e.jpg	18276	600x600
https://cdn.higgsfield.ai/application_main/0adbc3f9-335c-4c64-8d9e-14b5fa8de146.webp	img/0b74bef398b50503.jpg	17958	600x438
https://cdn.higgsfield.ai/application_main/21a972a7-0c4b-4e70-9a8c-941ac6c756d1.webp	img/d8cc24a3535824cb.jpg	14446	600x822
https://cdn.higgsfield.ai/application_main/3e73bdb5-e380-4058-9f66-f77161bf363b.webp	img/b6fe3bfc3859e8cb.jpg	15506	600x600
https://cdn.higgsfield.ai/application_main/0a7885d1-9584-4a31-b3eb-edc37b303ecb.webp	img/c03e975a36591153.jpg	18722	600x800
https://cdn.higgsfield.ai/application_main/1a6de41f-94fd-45cc-9d03-d439fc4d1a15.webp	img/30a8a406f087606f.jpg	1835512	600x802
https://cdn.higgsfield.ai/application_main/0d73cdbc-4922-42b7-af70-1f43476594f5.webp	img/f2c94c6669ed8e35.jpg	16350	600x824
https://cdn.higgsfield.ai/application_main/425fd0f6-52e4-4bdb-ba55-8b8912ad98fc.webp	img/d84c5c989710632f.jpg	9778	600x600
https://cdn.higgsfield.ai/application_main/4914bcb2-1c53-487a-967b-f47fcc424ce7.webp	img/dd8cbaa1d2549933.jpg	24308	600x822
https://cdn.higgsfield.ai/application_main/312e8c49-73e1-42b0-ad6c-61efd3266fb9.webp	img/1d3a514e372d15bb.jpg	2087800	600x802
https://cdn.higgsfield.ai/application_main/3e84cb70-1e38-4780-ba30-b1ffb05cea9b.webp	img/ee8483418b4eabb6.jpg	24400	600x798
https://cdn.higgsfield.ai/application_main/45c52d97-ec54-41c3-bf6b-5bcb26d2a06a.webp	img/e59b5b26fa57be2f.jpg	20272	600x400
https://cdn.higgsfield.ai/application_main/4cfac553-b45c-42b6-a87a-d4b6f7be3ac0.webp	img/2be3425192701437.jpg	8722	600x600
https://cdn.higgsfield.ai/application_main/4b29688e-23ae-4265-a292-5bed41b6694a.webp	img/89aee604b0f67bde.jpg	12920	600x438
https://cdn.higgsfield.ai/application_main/5482ff45-5db7-458d-825a-5098b0ae3c75.webp	img/a6145859a9d6e7bd.jpg	19572	600x600
https://cdn.higgsfield.ai/application_main/552a98ef-7b13-4cbb-8263-6de84addff79.webp	img/d0e3e7c441795ac0.jpg	20426	600x438
https://cdn.higgsfield.ai/application_main/57d3f049-a913-49e0-b672-a13852db4666.webp	img/d7018f6f8291c348.jpg	20432	600x800
https://cdn.higgsfield.ai/application_main/6153d0d1-b9ba-4582-a115-40e9f52b7fac.webp	img/fefe8687df2f8879.jpg	6080	600x438
https://cdn.higgsfield.ai/application_main/6886cc19-c5c4-4f1a-ad1e-37aa4418be55.webp	img/4eb33ba034be0e9a.jpg	13224	600x800
https://cdn.higgsfield.ai/application_main/4e59cfff-ccde-4435-80bf-47c3dc6fa4b5.webp	img/7f2a448e386cc78b.jpg	14750	600x600
https://cdn.higgsfield.ai/application_main/6b495ea3-21fd-4399-b18d-e7bf8b71e4ee.webp	img/926c7a16de5d7658.jpg	10476	600x600
https://cdn.higgsfield.ai/application_main/7a71628b-3cb3-443b-bd96-5f0a75425575.webp	img/836a3a00b7625181.jpg	4826	600x400
https://cdn.higgsfield.ai/application_main/6f5db9b1-72df-4010-b008-f004f68f8ece.webp	img/a132720fcd0bf780.jpg	76508	600x822
https://cdn.higgsfield.ai/application_main/7770a6b6-0fb4-48d0-9959-3286afd8ef8c.webp	img/20560656ec74f302.jpg	8070	600x800
https://cdn.higgsfield.ai/application_main/755181ed-76fe-4d48-8b9f-74de325f7791.webp	img/3410e9a93a83dc8d.jpg	21618	600x600
https://cdn.higgsfield.ai/application_main/7d71ddb1-65cc-47ca-809a-e836a15210bc.webp	img/68eb273f0968572e.jpg	10272	600x450
https://cdn.higgsfield.ai/application_main/7f5ec54c-ae22-4ab5-9f8b-52411d1c749c.webp	img/077a3586dae87811.jpg	9914	600x600
https://cdn.higgsfield.ai/application_main/8223c0ec-6b92-42d0-832b-9b4ed00fb046.webp	img/b2e2e142a58b751b.jpg	8082	600x600
https://cdn.higgsfield.ai/application_main/8404abbd-a975-4a5f-bd87-f8a6e606c9a0.webp	img/ac6bc0692f0040dc.jpg	24728	600x822
https://cdn.higgsfield.ai/application_main/8345d971-f97f-48c1-9ce6-2e600303d4c6.webp	img/ce2b77ca47c84da0.jpg	6530	600x600
https://cdn.higgsfield.ai/application_main/87357c00-b9ff-41e2-8016-d37db2b31dda.webp	img/167ed122cefe7ec6.jpg	23374	600x600
https://cdn.higgsfield.ai/application_main/8940a3df-203f-4fcc-ae19-7c856a45bae0.webp	img/b0bcd4466ae94794.jpg	9008	600x438
https://cdn.higgsfield.ai/application_main/9238616a-dc1e-46d5-add3-2a43d02b6d74.webp	img/a42d00490b3a5079.jpg	10802	600x600
https://cdn.higgsfield.ai/application_main/8d4d7d80-bf79-44ad-a2c5-2dee18a9506c.webp	img/1ce09fe964b92325.jpg	8708	600x438
https://cdn.higgsfield.ai/application_main/93061c78-4d36-4346-a244-14129833fe28.webp	img/f14b4419462a18bc.jpg	10226	600x386
https://cdn.higgsfield.ai/application_main/8d0d5b70-1e19-45d8-a08a-607df8143b4e.webp	img/d2f6a99706d683be.jpg	12110	600x600
https://cdn.higgsfield.ai/application_main/94bc1825-8bcc-4355-be98-1efd1b11773a.webp	img/8107148cace4afe2.jpg	7668	600x600
https://cdn.higgsfield.ai/application_main/93862f53-003c-4a51-894d-807daf3d2473.webp	img/d41fbaf69533566b.jpg	58968	600x822
https://cdn.higgsfield.ai/application_main/95457a9a-e2e7-4c7f-a9b9-f0ef0e8ea38e.webp	img/e3b586be05dbe4c4.jpg	20746	600x600
https://cdn.higgsfield.ai/application_main/8e7cb94c-df6b-4bb4-b5c7-18c0a390b7be.webp	img/b2e7881fd1ae184f.jpg	21168	600x450
https://cdn.higgsfield.ai/application_main/95e1514b-ec79-47f8-8807-08da7414fe57.webp	img/6e9e5bf787799249.jpg	17240	600x600
https://cdn.higgsfield.ai/application_main/94d5a5aa-92d2-40e3-afc2-6c613b3d8e55.webp	img/8ba25ef1dd8f265f.jpg	25362	600x802
https://cdn.higgsfield.ai/application_main/976cbd38-0fbe-40da-a37d-79d9d9faf410.webp	img/b25532b253e7eb67.jpg	4912	600x600
https://cdn.higgsfield.ai/application_main/96fb6204-4d35-4241-a371-9fae09406a44.webp	img/d59db259de5e49e1.jpg	34116	600x438
https://cdn.higgsfield.ai/application_main/9b8ac314-f6dc-4eaf-848d-404b632fdb22.webp	img/6bde2a008173357b.jpg	3270	600x338
https://cdn.higgsfield.ai/application_main/9da6465b-0a5b-41ea-ab26-e051fe7ee0b0.webp	img/2ce4bda7234b3835.jpg	11216	600x600
https://cdn.higgsfield.ai/application_main/9dfbd5d1-95a2-4308-bedf-795d1bcdac3c.webp	img/a4a79278245c77c6.jpg	6110	600x600
https://cdn.higgsfield.ai/application_main/a2c2be12-6c4c-42b3-b918-aa4307d90f6e.webp	img/16c4b26f2c3374f4.jpg	27532	600x600
https://cdn.higgsfield.ai/application_main/a838d9d6-5840-4d8c-a66b-b6deb090be56.webp	img/25ae80726a091692.jpg	4794	600x400
https://cdn.higgsfield.ai/application_main/adb6ff61-c833-4cbf-bc5b-bae5319cdefc.webp	img/980cd6be6bfbc67a.jpg	5792	600x600
https://cdn.higgsfield.ai/application_main/b42bbe3a-a646-41d0-b481-3dc97c221c8a.webp	img/f8403dd3f5d3db94.jpg	14726	600x342
https://cdn.higgsfield.ai/application_main/b7db644e-9e07-4a05-9887-501ddc9e8291.webp	img/388c49c51f1dcfb1.jpg	4308	600x600
https://cdn.higgsfield.ai/application_main/9a105402-f355-4fca-b47b-1ce5026f2b9f.webp	img/531a36ac5df80d7e.jpg	13998	600x600
https://cdn.higgsfield.ai/application_main/b86f40bd-fe28-4c1a-88f2-0ccf2d1a0a95.webp	img/8d63fa581c8eb02c.jpg	10388	600x438
https://cdn.higgsfield.ai/application_main/bd8762a0-d46a-47ec-be06-796b4d9a5d00.webp	img/97f87fc034b9fed8.jpg	4778	600x600
https://cdn.higgsfield.ai/application_main/a44d0e36-1079-4b7d-a597-9628ae3f1c84.webp	img/39c294c5af20abd1.jpg	29562	600x450
https://cdn.higgsfield.ai/application_main/c60898bf-4df1-45be-971f-a18cfbac06dc.webp	img/6dd57cdb0e155dcd.jpg	7208	600x600
https://cdn.higgsfield.ai/application_main/c5134ceb-671a-4c17-9e91-a500bcc4464e.webp	img/454da47863cd4899.jpg	36808	600x822
https://cdn.higgsfield.ai/application_main/c7c95b3d-84ea-4114-9307-72ae6651db4f.webp	img/2823d491d957cd1f.jpg	11172	600x600
https://cdn.higgsfield.ai/application_main/c9b60ad1-eec5-42cc-a3a1-f92c72a7968b.webp	img/147caa6722e92d71.jpg	4104	600x340
https://cdn.higgsfield.ai/application_main/ca51582d-6eb1-4bae-868f-143a6ac9c6d8.webp	img/40154f5bc02a4bff.jpg	27092	600x900
https://cdn.higgsfield.ai/application_main/cc5dd3c9-281f-4d6c-8d25-d9062b15aaf7.webp	img/31196a4ac972701b.jpg	10374	600x450
https://cdn.higgsfield.ai/application_main/dc08c526-a36c-45de-93c7-2a2595e4551c.webp	img/631e2a336d517a05.jpg	15372	600x600
https://cdn.higgsfield.ai/application_main/d2f82a7a-e475-4e7d-9ab3-2880f5187e11.webp	img/efa5fb7749953dee.jpg	2934	600x600
https://cdn.higgsfield.ai/application_main/dcafc3f9-a87a-41ec-8ef8-f5443a0a7315.webp	img/b86fbaf0e489de78.jpg	11956	600x600
https://cdn.higgsfield.ai/application_main/df507832-ffa5-47e6-b601-e2207c7a1bee.webp	img/925b3b805e5c4d29.jpg	9894	600x822
https://cdn.higgsfield.ai/application_main/e184f451-2a79-443f-8e17-d7b24e0d2e21.webp	img/0b92397e90f077cb.jpg	8232	600x432
https://cdn.higgsfield.ai/application_main/e69b0e22-a7ea-4f3b-ab81-f90be470a376.webp	img/26b9c88ae45573f7.jpg	10064	600x450
https://cdn.higgsfield.ai/application_main/e8dbd1a5-aad9-4a6c-8c99-eab3b7238580.webp	img/10d749eefd37c27c.jpg	6390	600x438
https://cdn.higgsfield.ai/application_main/ea06ae2c-f931-49f6-bc17-0e5c95660cff.webp	img/89f5c74eca588b87.jpg	13476	600x600
https://cdn.higgsfield.ai/application_main/eb7f4af0-4668-4407-8d6d-050c92d07b36.webp	img/5c15f62c26e92c3b.jpg	22174	600x1050
https://cdn.higgsfield.ai/application_main/edf8e6b6-0ed3-46dc-bf49-075f2799ac3f.webp	img/5658f2c51233495c.jpg	14996	600x600
https://cdn.higgsfield.ai/application_main/ef1cd9c2-ae03-4f0f-b173-b4fdd3b605a0.webp	img/7dd207622abfcc8c.jpg	10240	600x800
https://cdn.higgsfield.ai/application_main/ef49acb8-abc8-4199-8239-1d25414e9ab3.webp	img/27a3c4eec19dc830.jpg	11908	600x824
https://cdn.higgsfield.ai/application_main/f2fca274-d36e-42cf-aff7-dcf787031553.webp	img/8ed48ba3a891e980.jpg	7088	600x450
https://cdn.higgsfield.ai/application_main/f4d5bd00-a028-4ca0-9a99-7536ff404619.webp	img/d02a5bdf374fcd82.jpg	5474	600x600
https://cdn.higgsfield.ai/application_main/efb5f46b-cfd2-4bbe-8428-45483ba2b9d1.webp	img/099bf0f7e46c9198.jpg	18408	600x600
https://cdn.higgsfield.ai/application_main/f4eba9dc-7daa-4dc7-932d-34269e3c05a0.webp	img/116369e157ac0db8.jpg	8778	600x438
https://cdn.higgsfield.ai/application_main/f50054a5-b770-41c7-823c-33cc43a1fb56.webp	img/8627b9d2a2b8c2a6.jpg	40102	600x824
https://cdn.higgsfield.ai/application_main/f8f91834-382e-4ed7-8792-f2f723e84b1a.webp	img/afcd09e5d532f3a1.jpg	11842	600x600
https://cdn.higgsfield.ai/application_main/f83612de-8b94-4fe3-bb7e-19c0851def42.webp	img/2f86a77f050d9192.jpg	5328	600x600
https://cdn.higgsfield.ai/application_main/fbbfeeb5-04a1-4dcf-bf95-444c000f26ea.webp	img/89088c2d45a07be9.jpg	22310	600x600
https://cdn.higgsfield.ai/ca6369fc-cdce-4581-9425-c0ee6ff7eb53.webp	img/c66c441644be1c0f.jpg	44568	1080x608
https://cdn.higgsfield.ai/c31fedcc-d591-4ee3-8cb8-108fd467473a.webp	img/ca732da9290eeb55.jpg	43994	1080x608
https://cdn.higgsfield.ai/c8d10bcf-de65-4715-90a1-67d18ad5edeb.webp	img/b30bbe8bde355e4f.jpg	96582	1080x608
https://cdn.higgsfield.ai/card/030e2a80-5525-462b-99fe-73965b77547e.webp	img/46c2179891e9a81d.jpg	517600	1080x1440
https://cdn.higgsfield.ai/bf8bd951-cefd-4902-ada3-79181641ff5d.webp	img/f8e3391975753e5a.jpg	84542	1080x608
https://cdn.higgsfield.ai/card/0f5b650c-44f2-4941-b739-463e6c8044c9.webp	img/1e6a7f54065d9c59.jpg	66142	1080x810
https://cdn.higgsfield.ai/card/08a78a1e-ff7e-4f8e-92bf-aa6d7ef3f2b0.webp	img/38f7672233ed1628.jpg	392948	1080x1080
https://cdn.higgsfield.ai/card/10aa96f0-3afb-43cf-a761-b6154fada9c5.webp	img/98de808ae2fe38b9.jpg	173942	1080x1163
https://cdn.higgsfield.ai/card/151d3711-c1c3-4713-b5d6-9204195329fe.webp	img/1eb603beca6d5230.jpg	282840	1080x1080
https://cdn.higgsfield.ai/card/1867b0b1-5fc6-4939-ab0f-d9947b3d06cc.webp	img/df85f65e54b1f769.jpg	345524	1080x810
https://cdn.higgsfield.ai/card/208fe820-e537-48ee-afd6-05c43072f0b4.webp	img/e3f9592d00229bd9.jpg	216650	1080x1080
https://cdn.higgsfield.ai/card/2245438f-1539-4649-bba2-3acba657385e.webp	img/be5cdd6ebd1f6840.jpg	74600	1080x810
https://cdn.higgsfield.ai/card/1ea1b7ff-4a66-4600-b8ed-dc5ebebee20e.webp	img/5940048283301e54.jpg	474168	1080x1440
https://cdn.higgsfield.ai/card/1828c185-9c78-434c-af86-4c773891eb91.webp	img/25941005c9d16d11.jpg	458302	1080x1440
https://cdn.higgsfield.ai/card/1eed23a0-68c1-4999-89d6-30e5f870ab27.webp	img/d83bbd586f435ec1.jpg	177106	1080x724
https://cdn.higgsfield.ai/card/25bb1e2a-8972-448c-a0c9-2df89c61c553.webp	img/af85b53de55ba63f.jpg	332096	1080x1440
https://cdn.higgsfield.ai/card/27e3cad2-28d4-4598-b032-744cb0f8c231.webp	img/a61ffbbc12d994a8.jpg	54030	1080x607
https://cdn.higgsfield.ai/card/249da3ea-0508-4c45-b7c4-44113a4099a6.webp	img/7075b1cb0ced2f71.jpg	335076	1080x607
https://cdn.higgsfield.ai/card/2c8e7c60-4aef-414a-a346-afb2d139ebae.webp	img/086de57c24242009.jpg	212228	1080x810
https://cdn.higgsfield.ai/card/2d78efcb-e3f1-4f6d-93bf-b88cf2c12303.webp	img/e4cf452dba7f2454.jpg	263686	1080x1080
https://cdn.higgsfield.ai/card/2f964798-c17c-4b6c-8f19-3b294232b766.webp	img/10047e0cc9a89d52.jpg	83708	1080x1080
https://cdn.higgsfield.ai/card/3176aaa9-3acb-4557-96e5-b702a8191aca.webp	img/6abd3f26585313d8.jpg	374772	1080x1440
https://cdn.higgsfield.ai/card/3320e476-cb03-4623-af79-d912f2e2b417.webp	img/81bb170bfca5db7f.jpg	213026	1080x607
https://cdn.higgsfield.ai/card/35ae0506-40d4-4bb5-85b3-363a5bc8a1ac.webp	img/d6d969cc4a4f1633.jpg	271458	1080x1080
https://cdn.higgsfield.ai/card/3a70ae01-1f1d-47ed-8fdf-bf62338c33b6.webp	img/9e2735e6b91fcdc9.jpg	283090	1080x1074
https://cdn.higgsfield.ai/card/415aeb2b-40d9-4e93-afce-fa918b95e68b.webp	img/d3d742d7bbe6fe85.jpg	6642	1080x608
https://cdn.higgsfield.ai/card/3bef0768-5d59-43c9-bf35-e38dd6920270.webp	img/b6e62059093411c9.jpg	310948	1080x1080
https://cdn.higgsfield.ai/card/37ca5c4e-80cc-43d8-9fe8-982fcef3d133.webp	img/9e0b338566125e9a.jpg	513360	1080x1440
https://cdn.higgsfield.ai/card/42226c4a-5cae-449b-867f-0680147d00a4.webp	img/11cdab96b69cc891.jpg	178978	1080x1093
https://cdn.higgsfield.ai/card/43cfc3ed-8789-4cea-bc8d-9d08ab2157f5.webp	img/dbfaf0b55342c4a7.jpg	158072	1080x810
https://cdn.higgsfield.ai/card/44498d58-d45d-497c-9e6a-3f780fcc1547.webp	img/5e295a2bdb38fed8.jpg	63634	1080x1440
https://cdn.higgsfield.ai/card/477beef3-2c2d-4fb6-99b0-5a0446495e3b.webp	img/7cebccb2c5adf7e3.jpg	60958	1080x810
https://cdn.higgsfield.ai/card/474628db-31d5-4363-ad3b-f6a2d3f15347.webp	img/a2654d4025549d2a.jpg	321738	1080x1440
https://cdn.higgsfield.ai/card/49938d07-2927-4bbf-9478-34584be029a8.webp	img/fd8952420b22ada0.jpg	330974	1080x1440
https://cdn.higgsfield.ai/card/50f2b014-d078-4df5-9032-465d4cc95bfb.webp	img/7ea2208def5866d1.jpg	2534	600x338
https://cdn.higgsfield.ai/card/4f85024e-11ba-4653-ba58-e91b15d18b17.webp	img/b6a3445ca078148e.jpg	175806	1080x1080
https://cdn.higgsfield.ai/card/5d82f80b-6607-447a-9a50-2250d1181fc3.webp	img/5bac6ed71557000d.jpg	19430	1080x608
https://cdn.higgsfield.ai/card/597d12e2-9808-4293-805e-cda6809f6fb3.webp	img/c1901ebe26411ebf.jpg	414024	1080x1080
https://cdn.higgsfield.ai/card/5fbc1e60-009c-4a23-b804-7a7c5a2376d3.webp	img/c4ec024d8b28ad5b.jpg	128606	1080x1080
https://cdn.higgsfield.ai/card/563c8dbd-6edb-43c9-b2ba-43e32c67fb68.webp	img/8506fad9ac8d74b3.jpg	212268	1080x1041
https://cdn.higgsfield.ai/card/5508c3f0-6f3b-489d-9a96-a69def38a865.webp	img/633a0dbb464e5500.jpg	205314	1080x607
https://cdn.higgsfield.ai/card/5745b17e-01fa-42a2-8401-6adf44b1c63e.webp	img/2b7018cee0a6c5e1.jpg	311858	1080x1080
https://cdn.higgsfield.ai/card/624b24ab-8397-4e3e-a407-bd2cb9f71999.webp	img/a1eca7ce7c43c7f1.jpg	177732	1080x1077
https://cdn.higgsfield.ai/card/6158b627-8568-447e-a1d8-7ff8d3afecd7.webp	img/bb168028ce839544.jpg	85556	1080x1171
https://cdn.higgsfield.ai/card/65ea02e6-4e7b-41ee-9079-25c21a9acbd3.webp	img/7e07c5d67b2a8fa2.jpg	16916	600x338
https://cdn.higgsfield.ai/card/6a2825c6-b090-4d0a-b4ff-63ba37785949.webp	img/2ba7bb8798501f0c.jpg	117274	1080x810
https://cdn.higgsfield.ai/card/606aaea4-81da-4a8a-8f1a-15ff0623bc19.webp	img/31185ab95b00ab7f.jpg	265820	1080x1080
https://cdn.higgsfield.ai/card/693d48e6-4c97-4ec6-9e7f-b2446108fdbb.webp	img/0ecea42f6efd02d5.jpg	440776	1080x1080
https://cdn.higgsfield.ai/card/6ad65639-f221-4bc5-baa9-3a6a465221e4.webp	img/fb0405a71bf771ac.jpg	96986	1080x1080
https://cdn.higgsfield.ai/card/6ba6efc3-6d6d-4099-abf8-2c6b2fe2ee3f.webp	img/bb746d3a500751f1.jpg	153988	1080x810
https://cdn.higgsfield.ai/card/6e78c718-ec63-47c2-acc8-2de2ee9d9e93.webp	img/b9bcf2554d49ad28.jpg	405628	1080x1080
https://cdn.higgsfield.ai/card/738435ba-0f38-4e06-a2a4-3952a76e9a51.webp	img/c82019ddbc79fd43.jpg	157402	1080x1080
https://cdn.higgsfield.ai/card/796f7dde-0d11-4a3f-9378-e768498c2805.webp	img/eed604c5b3059f91.jpg	13874	600x338
https://cdn.higgsfield.ai/card/75469997-be40-4ab6-b38d-fc325fd2b336.webp	img/3d932499a32e4c83.jpg	143922	1080x1480
https://cdn.higgsfield.ai/card/7e09f306-3ed9-4d73-ab8f-c90004d0c793.webp	img/71f01d2aa58f1325.jpg	213786	1080x1080
https://cdn.higgsfield.ai/card/808448a5-2e41-4796-960f-48a2728dc0b7.webp	img/5f324bcf23d85274.jpg	282840	1080x1080
https://cdn.higgsfield.ai/card/7d2bc75c-7d3d-4340-adf5-9bfad2405988.webp	img/d5cbfbc51b61f432.jpg	128440	1080x1080
https://cdn.higgsfield.ai/card/80ab567c-104c-4724-99aa-3cea5114e64c.webp	img/3aee0e1ca9a516b0.jpg	212228	1080x810
https://cdn.higgsfield.ai/card/84d4d124-dc52-49fd-abf2-8a0cef97ef3a.webp	img/a94602b41c950e8a.jpg	149612	1080x724
https://cdn.higgsfield.ai/card/840224c8-49fd-4163-a623-30e2ec5fae85.webp	img/9abad4a97229f107.jpg	262356	1080x602
https://cdn.higgsfield.ai/card/844925f2-d9c9-4dd0-baa8-a271c4d50abb.webp	img/2daf80f125e46946.jpg	576332	1080x1440
https://cdn.higgsfield.ai/card/8dd7cead-bdbd-48a4-b3c5-14bdde543a52.webp	img/9d7d1345cdaf1e55.jpg	398160	1080x1080
https://cdn.higgsfield.ai/card/914fc2c7-8ccb-406a-8816-eb3414d46a6e.webp	img/ba3c6da98386bd14.jpg	531164	1080x1440
https://cdn.higgsfield.ai/card/9c6affe8-03a8-4434-97ef-2fc476f7a71e.webp	img/de8c39892dfdfc1f.jpg	13196	1080x608
https://cdn.higgsfield.ai/card/8a38c34c-c4db-48a1-b152-7d442a86c7fa.webp	img/150af0361bf6966e.jpg	224394	1080x1080
https://cdn.higgsfield.ai/card/8bf99d4a-c34f-470a-91b5-912ab352932b.webp	img/bd35cd9d53500ed1.jpg	382812	1080x810
https://cdn.higgsfield.ai/card/9edd900e-61a7-400d-bc45-3ad28b0229b2.webp	img/98f7edee40ff09d9.jpg	179764	1080x708
https://cdn.higgsfield.ai/card/950c60dd-7123-40db-b9a1-94d9fffa0e0a.webp	img/76d309f541651dfd.jpg	324394	1080x623
https://cdn.higgsfield.ai/card/9ff7a88f-2b1f-49c9-ae68-05b105a32560.webp	img/87f7e101c677e6b9.jpg	220676	1080x1080
https://cdn.higgsfield.ai/card/a1dcb9e2-7f37-4103-ad1c-9715a2f0c6ac.webp	img/5429cdd9a1f31a10.jpg	202040	1080x1440
https://cdn.higgsfield.ai/card/a24566c8-24b0-4ecf-935b-cf781fccbc6c.webp	img/49d0d918632098c2.jpg	131958	1080x810
https://cdn.higgsfield.ai/card/a6e3ab29-6149-4c17-8e28-5a51c7d36045.webp	img/c6f667b5689e0567.jpg	178548	1080x1440
https://cdn.higgsfield.ai/card/a69f32e9-45b3-4526-a70a-57994038c30f.webp	img/b26b8db0adc90ca5.jpg	353254	1080x1480
https://cdn.higgsfield.ai/card/a8b02305-9434-43b9-bd97-321991c51efe.webp	img/6d0b32524cc83d1e.jpg	52292	1080x810
https://cdn.higgsfield.ai/card/a9cf67aa-bbd7-444f-924b-f6e0d65b3f8f.webp	img/cf36f40f2c4037bf.jpg	584830	1080x1920
https://cdn.higgsfield.ai/card/aa675456-69ac-45f0-ab38-71e92b5d88d5.webp	img/fe6412b9ef48560f.jpg	262912	1080x1080
https://cdn.higgsfield.ai/card/b14d538f-aa54-4cfc-b2c9-4d9645ea0236.webp	img/3c9422f5f1e0e30f.jpg	6076	600x338
https://cdn.higgsfield.ai/card/ac16f3e3-bf8b-473a-8903-34eb1991b063.webp	img/1495b8fe8b49bcce.jpg	217352	1080x1620
https://cdn.higgsfield.ai/card/b15fcf27-d1dc-4f64-92dc-f0b7da57158d.webp	img/d8a53d61976c17d5.jpg	966	600x338
https://cdn.higgsfield.ai/card/b2469a65-ca18-4cb3-9ce4-0d1ac476974a.webp	img/fd3713c48b8c4ebe.jpg	235048	1080x1080
https://cdn.higgsfield.ai/card/adc3fd4e-f528-4746-94a5-0cfa4c07a27f.webp	img/c623592ddac4a49e.jpg	229512	1080x1080
https://cdn.higgsfield.ai/card/a90c2326-01f5-47ea-8680-bacc7005990b.webp	img/c76e692226d1112b.jpg	71134	1080x1440
https://cdn.higgsfield.ai/card/b2cec533-59f7-4cd2-a0a9-072a98b89fcc.webp	img/35f54205da8a9584.jpg	91912	1080x1080
https://cdn.higgsfield.ai/card/b537d257-45bb-47bb-8d6e-1653f30ec2b6.webp	img/2cfa0d2ca613b231.jpg	254414	1080x1080
https://cdn.higgsfield.ai/card/b657fa26-950b-40da-bc1b-2d1a0a5ab17d.webp	img/1488a7e74f1721e0.jpg	46672	1080x608
https://cdn.higgsfield.ai/card/bee17adb-86ab-4159-b098-7d2c9a0f2962.webp	img/b66c7b349458eae9.jpg	597676	1080x1440
https://cdn.higgsfield.ai/card/ba41b8f8-388d-4e85-b6b4-e415ccd78c6d.webp	img/b05d246c1f9625da.jpg	424996	1080x1080
https://cdn.higgsfield.ai/card/c0649640-6780-4c73-bd3c-89174cb43f1a.webp	img/a7aa6f2a9575013d.jpg	382812	1080x810
https://cdn.higgsfield.ai/card/c665ae12-db8b-4a66-9045-eabb63bfad7d.webp	img/e9bb2ef5d02f242d.jpg	67018	1080x810
https://cdn.higgsfield.ai/card/c90a7990-11b9-4033-87d4-17a6cad63f8c.webp	img/abbd68cc7e2412ba.jpg	120728	1080x810
https://cdn.higgsfield.ai/card/c337873c-d3fc-48d9-ae4d-564ece60055f.webp	img/bde2899960884eb1.jpg	410564	1080x1080
https://cdn.higgsfield.ai/card/d36c5aa8-243a-432c-b110-c55a704ff08d.webp	img/c0dfd8c527233af9.jpg	82050	1080x1080
https://cdn.higgsfield.ai/card/d555789f-d994-4e65-b506-df8acd359656.webp	img/ecb23cd844620c14.jpg	105298	1080x810
https://cdn.higgsfield.ai/card/d4a474c1-86d7-4cd2-b658-79d4fabfa1e4.webp	img/45dacdbbec02312f.jpg	222308	1080x1440
https://cdn.higgsfield.ai/card/c8ebd057-d919-49e9-b2cb-e125221c72a8.webp	img/cb910c8bc9939410.jpg	484578	1080x1440
https://cdn.higgsfield.ai/card/e86775a7-ce83-4988-a31a-c1a473d7e6fa.webp	img/af8531df879b1fb4.jpg	15306	1078x606
https://cdn.higgsfield.ai/card/dc7d73eb-25a0-4e48-9838-2de812d5f119.webp	img/f5967ee38e79e80a.jpg	338094	1080x1080
https://cdn.higgsfield.ai/card/f3eec7e2-cbba-422d-a8b9-4a43520794fa.webp	img/598060344391b460.jpg	382192	1080x1480
https://cdn.higgsfield.ai/card/f91bbdc2-ad3c-48a9-a05f-e7dbf5dcd791.webp	img/44f13db18bcf8e76.jpg	465078	1080x1440
https://cdn.higgsfield.ai/card/eea5008f-e449-4b4c-bfcc-e5fa6649b53e.webp	img/ab4f373527ef8c9f.jpg	136772	1080x607
https://cdn.higgsfield.ai/card/f8f3344f-434f-4273-a166-8b7cb3ffe143.webp	img/5b73d7a0e65c11ed.jpg	704812	1080x1080
https://cdn.higgsfield.ai/cards/card/e5a0e124-8df9-445c-8cc0-6b8d2dc705a9.webp	img/c46e0a53baa19fb4.jpg	1296	1080x608
https://cdn.higgsfield.ai/card/d8378f40-29ae-4971-9326-cfc6a1c59765.webp	img/5e66f752a9ad4b06.jpg	399452	1080x1440
https://cdn.higgsfield.ai/card/fc89f61e-42ef-4320-abe5-c3c9bb80347c.webp	img/b5d877f5edeaa07e.jpg	458656	1080x1440
https://cdn.higgsfield.ai/cdn-cgi/image/width=1080,quality=80,format=auto/marketing-studio-motion-preview/5f8aabc1-cf28-48c1-bab6-63ceccd6a142.webp	img/84876ba0ad3386f2.jpg	53653	600x1066
https://cdn.higgsfield.ai/card/fc3b3eae-def1-4d24-b3ca-855b0cbc1b82.webp	img/318ed6bea5b06b2f.jpg	449686	1080x1080
https://cdn.higgsfield.ai/cdn-cgi/image/width=1080,quality=80,format=auto/marketing-studio-motion-preview/6b262d6f-bd0d-4c88-8998-26c2535d88e4.webp	img/ca2ae3ceadaf2227.jpg	10344	600x1066
https://cdn.higgsfield.ai/cdn-cgi/image/width=1080,quality=80,format=auto/marketing-studio-motion-preview/ad4a7c85-b598-4045-9f93-be7dba96b2ed.webp	img/bf979f84fc818add.jpg	27561	600x1066
https://cdn.higgsfield.ai/cdn-cgi/image/width=1080,quality=80,format=auto/marketing-studio-motion-preview/eb685bb2-9aa9-42e1-bd9f-3296a5b7eae9.webp	img/59234c26faac2e35.jpg	50901	600x1066
https://cdn.higgsfield.ai/cdn-cgi/image/width=1080,quality=80,format=auto/marketing-studio-v2-2d-motion/88a427c2-1740-4493-a9c1-fd1588eaf5fb.webp	img/74e65043c72a803b.jpg	40366	600x1066
https://cdn.higgsfield.ai/cdn-cgi/image/width=1080,quality=80,format=auto/marketing-studio-v2-ad/073255fb-afec-403f-b194-04b673f36d82.webp	img/358888a3037f51f3.jpg	110117	1080x1446
https://cdn.higgsfield.ai/cdn-cgi/image/width=1080,quality=80,format=auto/marketing-studio-v2-ad/2ed46ff0-7411-419f-a7a9-6472c97d3e5d.webp	img/f51eb0e561d86e34.jpg	78979	1080x1080
https://cdn.higgsfield.ai/cdn-cgi/image/width=1080,quality=80,format=auto/marketing-studio-v2-ad/4dd1bb60-b4d0-4e6d-9a85-19e045dc06a2.webp	img/cb05ecffcc00479f.jpg	73281	1080x1446
https://cdn.higgsfield.ai/cdn-cgi/image/width=1080,quality=80,format=auto/marketing-studio-v2-ad/11389d2f-1324-4a99-9a69-00b194bf695a.webp	img/1a6c28e2a1f136fd.jpg	172550	1080x1446
https://cdn.higgsfield.ai/cdn-cgi/image/width=1080,quality=80,format=auto/marketing-studio-v2-ad/7d82b55a-294f-450c-8908-1c5c0ba34300.webp	img/e68d90dec9217878.jpg	175251	1080x1446
https://cdn.higgsfield.ai/cdn-cgi/image/width=1080,quality=80,format=auto/marketing-studio-v2-ad/4eb29b7d-d0cd-4989-9389-5690b09b84ee.webp	img/c8ee0b0e40ca1953.jpg	205265	1080x1626
https://cdn.higgsfield.ai/cdn-cgi/image/width=1080,quality=80,format=auto/marketing-studio-v2-ad/b5e7d2dc-1693-4c40-b315-21d96a045bb3.webp	img/81e51aff3ba28a84.jpg	168299	1080x1626
https://cdn.higgsfield.ai/cdn-cgi/image/width=1080,quality=80,format=auto/marketing-studio-v2-ad/e0d40df7-359b-47fa-817f-7dd9e59d52e4.webp	img/5667891c36473a23.jpg	101359	1080x1446
https://cdn.higgsfield.ai/cdn-cgi/image/width=1080,quality=80,format=auto/marketing-studio-v2-hypermotion/0f448fc0-d591-462a-ac07-c88976c3be64.webp	img/20ac3a1006ef0515.jpg	58530	600x1066
https://cdn.higgsfield.ai/cdn-cgi/image/width=1080,quality=80,format=auto/marketing-studio-v2-hypermotion/3e90ff54-e611-4ac4-8ab4-f7a14e18e478.webp	img/19f2005f3ee05bd9.jpg	63634	600x1066
https://cdn.higgsfield.ai/cdn-cgi/image/width=1080,quality=80,format=auto/marketing-studio-v2-hypermotion/f10c27f6-d539-47ba-b3d5-d7a35eed3c51.webp	img/192572a331ef68ae.jpg	47282	600x1066
https://cdn.higgsfield.ai/cdn-cgi/image/width=1080,quality=80,format=auto/marketing-studio-v2-poster/0009f174-6572-41a7-851a-498e602fce50.webp	img/e754e076f4721f57.jpg	134468	1080x1446
https://cdn.higgsfield.ai/cdn-cgi/image/width=1080,quality=80,format=auto/marketing-studio-v2-poster/05afbb7f-2d3a-4866-8ef9-4854db9a94fa.webp	img/f894c935ab41330a.jpg	161783	1080x1626
https://cdn.higgsfield.ai/cdn-cgi/image/width=1080,quality=80,format=auto/marketing-studio-v2-poster/06a706f8-df04-4c3c-b8db-757c7e7e150c.webp	img/8c8780d74f0bd0a7.jpg	228118	1080x1080
https://cdn.higgsfield.ai/cdn-cgi/image/width=1080,quality=80,format=auto/marketing-studio-v2-poster/074ed8ba-5e74-4f15-8464-529ac3a2e96c.webp	img/219a3df9548c684b.jpg	198820	1080x1626
https://cdn.higgsfield.ai/cdn-cgi/image/width=1080,quality=80,format=auto/marketing-studio-v2-poster/09a3dfb3-0299-42fe-9c00-e73cb8b304e9.webp	img/ec1693ae71eed80b.jpg	60762	1080x1080
https://cdn.higgsfield.ai/cdn-cgi/image/width=1080,quality=80,format=auto/marketing-studio-v2-poster/0a000334-3aa2-4343-a228-e73052ae5947.webp	img/db623a8cd780d94e.jpg	161207	1080x1080
https://cdn.higgsfield.ai/cdn-cgi/image/width=1080,quality=80,format=auto/marketing-studio-v2-poster/0c10767e-b821-481f-917c-24ed464abef1.webp	img/bd0bdae809ce7310.jpg	181468	1080x1446
https://cdn.higgsfield.ai/cdn-cgi/image/width=1080,quality=80,format=auto/marketing-studio-v2-poster/0aa0fd80-b606-4ae6-a42a-4a24a904ccda.webp	img/089a23d6efd310b7.jpg	215975	1080x1080
https://cdn.higgsfield.ai/cdn-cgi/image/width=1080,quality=80,format=auto/marketing-studio-v2-poster/0c3beeb2-908b-4b8f-ad6d-c541f80eb92a.webp	img/d57c7a5594de7085.jpg	212459	1080x1626
https://cdn.higgsfield.ai/cdn-cgi/image/width=1080,quality=80,format=auto/marketing-studio-v2-poster/0c84c13e-c4ac-489a-83bc-96d095e5b2d1.webp	img/d73a8917fdeefba6.jpg	72875	1080x1626
https://cdn.higgsfield.ai/cdn-cgi/image/width=1080,quality=80,format=auto/marketing-studio-v2-poster/0c44bd0e-d93c-4c4b-9dbb-21ad78cacda6.webp	img/23ec64359ace4e7c.jpg	312877	1080x1626
https://cdn.higgsfield.ai/cdn-cgi/image/width=1080,quality=80,format=auto/marketing-studio-v2-poster/0d344c6f-4d20-47aa-b5c0-80a6ca71ecd8.webp	img/3c4da8cc459fef5c.jpg	329451	1080x1446
https://cdn.higgsfield.ai/cdn-cgi/image/width=1080,quality=80,format=auto/marketing-studio-v2-poster/0e964c02-e367-4ce8-856c-54efd6dc358b.webp	img/925cf84638c1261b.jpg	158333	1080x1446
https://cdn.higgsfield.ai/cdn-cgi/image/width=1080,quality=80,format=auto/marketing-studio-v2-poster/10a38e13-f5fe-4f98-8721-9a64742a337c.webp	img/cdbb292c440e1b2f.jpg	226724	1080x1446
https://cdn.higgsfield.ai/cdn-cgi/image/width=1080,quality=80,format=auto/marketing-studio-v2-poster/1225fe65-edfb-483a-9bb5-12ffb01e093f.webp	img/3ecddd9fdafdc848.jpg	199322	1080x1080
https://cdn.higgsfield.ai/cdn-cgi/image/width=1080,quality=80,format=auto/marketing-studio-v2-poster/139794f8-949c-41ca-ab30-84173cacb481.webp	img/a611503acb49340c.jpg	109317	1080x717
https://cdn.higgsfield.ai/cdn-cgi/image/width=1080,quality=80,format=auto/marketing-studio-v2-poster/142bcf0d-e25d-4a11-a590-7a7009859579.webp	img/b09018632ecad34e.jpg	261919	1080x1446
https://cdn.higgsfield.ai/cdn-cgi/image/width=1080,quality=80,format=auto/marketing-studio-v2-poster/11a004e5-66d4-49f3-9aca-c6b5132c7827.webp	img/0be7149ebbee93e4.jpg	232711	1080x1080
https://cdn.higgsfield.ai/cdn-cgi/image/width=1080,quality=80,format=auto/marketing-studio-v2-poster/1499fdc1-9ab6-4340-a221-07196ee0dda6.webp	img/0d1a5d2c52cd82d7.jpg	84872	1080x1446
https://cdn.higgsfield.ai/cdn-cgi/image/width=1080,quality=80,format=auto/marketing-studio-v2-poster/14611abc-f9bb-41db-9818-81412be25855.webp	img/8cf399225a82eff3.jpg	321811	1080x1446
https://cdn.higgsfield.ai/cdn-cgi/image/width=1080,quality=80,format=auto/marketing-studio-v2-poster/15831d0e-c32f-4efb-a9fa-9b6106e414df.webp	img/69aa8153c76eefa8.jpg	331337	1080x1626
https://cdn.higgsfield.ai/cdn-cgi/image/width=1080,quality=80,format=auto/marketing-studio-v2-poster/158e0cbe-94ea-497a-9685-b16487971a47.webp	img/af5f604263a9235e.jpg	167732	1080x1080
https://cdn.higgsfield.ai/cdn-cgi/image/width=1080,quality=80,format=auto/marketing-studio-v2-poster/16263a2f-7643-4f13-acd5-5b7062a49e1c.webp	img/bfcd8e929895a882.jpg	259516	1080x1446
https://cdn.higgsfield.ai/cdn-cgi/image/width=1080,quality=80,format=auto/marketing-studio-v2-poster/1719787a-74fb-405f-82f8-4dcf7e348cc5.webp	img/50a80ad814fa718e.jpg	222434	1080x1626
https://cdn.higgsfield.ai/cdn-cgi/image/width=1080,quality=80,format=auto/marketing-studio-v2-poster/198c164b-8b49-4360-9154-7ee987948175.webp	img/7e6818106ae0b632.jpg	260673	1080x1080
https://cdn.higgsfield.ai/cdn-cgi/image/width=1080,quality=80,format=auto/marketing-studio-v2-poster/1eadd63c-ee73-4506-ba73-b63c58389944.webp	img/4d7dc29f7163979c.jpg	220546	1080x1080
https://cdn.higgsfield.ai/cdn-cgi/image/width=1080,quality=80,format=auto/marketing-studio-v2-poster/19d74966-2cfc-465d-b254-a0ba822d70bf.webp	img/b6e23ae5a63f67c8.jpg	163201	1080x1626
https://cdn.higgsfield.ai/cdn-cgi/image/width=1080,quality=80,format=auto/marketing-studio-v2-poster/1a9a63bf-f1ee-4be7-b169-aee7c13e7ca4.webp	img/944b1c708f6cceff.jpg	191194	1080x1626
https://cdn.higgsfield.ai/cdn-cgi/image/width=1080,quality=80,format=auto/marketing-studio-v2-poster/26bc474c-448b-49dc-a58f-8be94cfe1b96.webp	img/059a278b2a8b232e.jpg	72577	1080x1446
https://cdn.higgsfield.ai/cdn-cgi/image/width=1080,quality=80,format=auto/marketing-studio-v2-poster/207fa488-ebb9-4589-87db-cc988319ecbb.webp	img/998fe02f8815c35e.jpg	129476	1080x1446
https://cdn.higgsfield.ai/cdn-cgi/image/width=1080,quality=80,format=auto/marketing-studio-v2-poster/2116bb66-83c2-4546-b404-d5d6a274dddb.webp	img/994d89540231e069.jpg	295378	1080x1446
https://cdn.higgsfield.ai/cdn-cgi/image/width=1080,quality=80,format=auto/marketing-studio-v2-poster/26df9c85-0586-42a3-b7f5-05d5b2e12368.webp	img/bb33963df3baaf9b.jpg	182605	1080x1080
https://cdn.higgsfield.ai/cdn-cgi/image/width=1080,quality=80,format=auto/marketing-studio-v2-poster/277303d5-6b8a-4b94-a671-2a2de4fe691a.webp	img/77f83b8745b99e28.jpg	360560	1080x1626
https://cdn.higgsfield.ai/cdn-cgi/image/width=1080,quality=80,format=auto/marketing-studio-v2-poster/27899af9-02bc-4254-9970-69aa98625d20.webp	img/aa0aec06a46f1a80.jpg	329633	1080x1626
https://cdn.higgsfield.ai/cdn-cgi/image/width=1080,quality=80,format=auto/marketing-studio-v2-poster/28ac1cc3-c5e6-4d79-84b0-361c0ce90f1a.webp	img/5a2998b39b3d9f9a.jpg	214617	1080x1626
https://cdn.higgsfield.ai/cdn-cgi/image/width=1080,quality=80,format=auto/marketing-studio-v2-poster/29af545e-aa7d-406a-9503-c28f45ccaf82.webp	img/c3460378b819e7e3.jpg	283794	1080x1446
https://cdn.higgsfield.ai/cdn-cgi/image/width=1080,quality=80,format=auto/marketing-studio-v2-poster/29d424d8-4aaf-4992-82c7-310c1b7cf1be.webp	img/00f1f07a3796670d.jpg	444303	1080x1446
https://cdn.higgsfield.ai/cdn-cgi/image/width=1080,quality=80,format=auto/marketing-studio-v2-poster/2d63d677-c50a-46b9-af3d-2c8045f780ea.webp	img/4df7da65de74ee1d.jpg	369829	1080x1446
https://cdn.higgsfield.ai/cdn-cgi/image/width=1080,quality=80,format=auto/marketing-studio-v2-poster/305c6d23-bbf5-4b21-9ee1-7bfcafed067a.webp	img/a90106672bba81a0.jpg	314073	1080x1446
https://cdn.higgsfield.ai/cdn-cgi/image/width=1080,quality=80,format=auto/marketing-studio-v2-poster/30fad022-8576-4def-87ec-2a4f702d0ced.webp	img/b3cf5c58fc3dcce1.jpg	288039	1080x1626
https://cdn.higgsfield.ai/cdn-cgi/image/width=1080,quality=80,format=auto/marketing-studio-v2-poster/32087683-35a3-46b8-9424-9b5ff352dd67.webp	img/a0885bdb60b46b82.jpg	159860	1080x1446
https://cdn.higgsfield.ai/cdn-cgi/image/width=1080,quality=80,format=auto/marketing-studio-v2-poster/33bc53cd-331f-47b4-a2e6-1a3a13b0899a.webp	img/5c0a08df648d283c.jpg	157349	1080x1080
https://cdn.higgsfield.ai/cdn-cgi/image/width=1080,quality=80,format=auto/marketing-studio-v2-poster/35b349a4-e9af-4232-8516-0124a3cd354c.webp	img/709ed7f4a73614cc.jpg	234553	1080x1446
https://cdn.higgsfield.ai/cdn-cgi/image/width=1080,quality=80,format=auto/marketing-studio-v2-poster/34f05bb9-4c86-4e85-a4ab-8937f47476ca.webp	img/6a679fb4dd23db87.jpg	343412	1080x1626
https://cdn.higgsfield.ai/cdn-cgi/image/width=1080,quality=80,format=auto/marketing-studio-v2-poster/3687c9b8-afbb-4bd2-abc1-200332b65145.webp	img/33b98d0158acd3af.jpg	97188	1080x717
https://cdn.higgsfield.ai/cdn-cgi/image/width=1080,quality=80,format=auto/marketing-studio-v2-poster/36bcfa9b-a1b2-478e-a12b-8833befe2dc0.webp	img/72544af84583039d.jpg	425029	1080x1626
https://cdn.higgsfield.ai/cdn-cgi/image/width=1080,quality=80,format=auto/marketing-studio-v2-poster/3973f05a-715a-4a13-8a9b-5693c628d4ea.webp	img/1d85a491674f5a76.jpg	258860	1080x1626
https://cdn.higgsfield.ai/cdn-cgi/image/width=1080,quality=80,format=auto/marketing-studio-v2-poster/36ee7149-e77d-40d2-a65b-a034b0dd076f.webp	img/5d9959bee3c6c230.jpg	362346	1080x1446
https://cdn.higgsfield.ai/cdn-cgi/image/width=1080,quality=80,format=auto/marketing-studio-v2-poster/3a3113a7-3abd-408f-bb8e-fc5f7c70fb98.webp	img/b0149afcbc457db5.jpg	127285	1080x1626
https://cdn.higgsfield.ai/cdn-cgi/image/width=1080,quality=80,format=auto/marketing-studio-v2-poster/3a8398a0-ee50-460c-9ffa-1a895ec7c568.webp	img/22a9cae6a963862c.jpg	320399	1080x1626
https://cdn.higgsfield.ai/cdn-cgi/image/width=1080,quality=80,format=auto/marketing-studio-v2-poster/4190edf7-409d-46a3-9fbd-4b9f11e1a735.webp	img/a15af635217ab5d1.jpg	196072	1080x1446
https://cdn.higgsfield.ai/cdn-cgi/image/width=1080,quality=80,format=auto/marketing-studio-v2-poster/3ce8840f-133d-42f6-98c6-487f58ba4aab.webp	img/d282831c46d45f6f.jpg	247275	1080x1626
https://cdn.higgsfield.ai/cdn-cgi/image/width=1080,quality=80,format=auto/marketing-studio-v2-poster/3bfa4c6d-8d7b-4353-880b-6696d3cbaa4c.webp	img/21f2df6bdb27c4f6.jpg	485378	1080x1626
https://cdn.higgsfield.ai/cdn-cgi/image/width=1080,quality=80,format=auto/marketing-studio-v2-poster/413a2297-9890-4754-b46b-4610f2f8a582.webp	img/76ed96b5afb9fe5b.jpg	117629	1080x1626
https://cdn.higgsfield.ai/cdn-cgi/image/width=1080,quality=80,format=auto/marketing-studio-v2-poster/42538818-a373-4dc6-9f07-ca4addfbc050.webp	img/33c62287edfacacc.jpg	190491	1080x1446
https://cdn.higgsfield.ai/cdn-cgi/image/width=1080,quality=80,format=auto/marketing-studio-v2-poster/41f8d1b3-c4e0-4632-b51d-abef8cf1c2a1.webp	img/36fe34c5b0065269.jpg	140280	1080x1626
https://cdn.higgsfield.ai/cdn-cgi/image/width=1080,quality=80,format=auto/marketing-studio-v2-poster/4284a2a7-b05a-496a-8d77-85845e0eae96.webp	img/2b8a6c650cc52664.jpg	319292	1080x1446
https://cdn.higgsfield.ai/cdn-cgi/image/width=1080,quality=80,format=auto/marketing-studio-v2-poster/444ab2e5-23a0-4c8d-830a-b30833858049.webp	img/5462ffdb614a0d29.jpg	106049	1080x1080
https://cdn.higgsfield.ai/cdn-cgi/image/width=1080,quality=80,format=auto/marketing-studio-v2-poster/44970e4f-a920-48e7-a1be-77ef68521d07.webp	img/f6a2f58689580178.jpg	397379	1080x1626
https://cdn.higgsfield.ai/cdn-cgi/image/width=1080,quality=80,format=auto/marketing-studio-v2-poster/45dbfe6e-c3ba-4990-9402-28b0ec1c7fd0.webp	img/cd818d436e00e562.jpg	246573	1080x1446
https://cdn.higgsfield.ai/cdn-cgi/image/width=1080,quality=80,format=auto/marketing-studio-v2-poster/429cfbf3-2367-4c20-b372-1ae881d4b0d3.webp	img/04e0263b3ae74458.jpg	179553	1080x1446
https://cdn.higgsfield.ai/cdn-cgi/image/width=1080,quality=80,format=auto/marketing-studio-v2-poster/44c7083f-8611-43b4-90ab-8de1cdf79b6f.webp	img/6efe8e46b319ea94.jpg	417812	1080x1626
https://cdn.higgsfield.ai/cdn-cgi/image/width=1080,quality=80,format=auto/marketing-studio-v2-poster/4c07d6e3-a2f0-4859-8ee0-19f4a1e47ed3.webp	img/c80fd2b30e3ad580.jpg	134036	1080x1446
https://cdn.higgsfield.ai/cdn-cgi/image/width=1080,quality=80,format=auto/marketing-studio-v2-poster/5149bbf1-d2e1-4e79-817a-f074c46fa087.webp	img/c4457d6a3c104c3d.jpg	101782	1080x1626
https://cdn.higgsfield.ai/cdn-cgi/image/width=1080,quality=80,format=auto/marketing-studio-v2-poster/4a89d4dc-2983-4bbd-8630-a4741cb7eb06.webp	img/8b5960dc2fe7c2da.jpg	218682	1080x1626
https://cdn.higgsfield.ai/cdn-cgi/image/width=1080,quality=80,format=auto/marketing-studio-v2-poster/5272f74c-bf5a-46de-8f71-d9fce3459852.webp	img/741b95748df04c72.jpg	427872	1080x1626
https://cdn.higgsfield.ai/cdn-cgi/image/width=1080,quality=80,format=auto/marketing-studio-v2-poster/55434fab-cecc-4315-ac4f-5074d2181d3f.webp	img/6214ab655f0c0769.jpg	228286	1080x1626
https://cdn.higgsfield.ai/cdn-cgi/image/width=1080,quality=80,format=auto/marketing-studio-v2-poster/5400eaac-274a-4f5a-b730-37ac2da2fb23.webp	img/79bbd2af3750cf4b.jpg	555328	1080x1626
https://cdn.higgsfield.ai/cdn-cgi/image/width=1080,quality=80,format=auto/marketing-studio-v2-poster/551fe8da-0832-4506-93ff-fe085cfab45e.webp	img/b8026b4cd93309bd.jpg	393079	1080x1626
https://cdn.higgsfield.ai/cdn-cgi/image/width=1080,quality=80,format=auto/marketing-studio-v2-poster/53b39da5-4245-4ccd-9f50-2205ff23e52c.webp	img/6678afff162019a7.jpg	350641	1080x1446
https://cdn.higgsfield.ai/cdn-cgi/image/width=1080,quality=80,format=auto/marketing-studio-v2-poster/54577305-f855-43e8-a82e-a9f9202e9a5a.webp	img/11a9f5351dbaefeb.jpg	187520	1080x1626
https://cdn.higgsfield.ai/cdn-cgi/image/width=1080,quality=80,format=auto/marketing-studio-v2-poster/5767156d-418e-4e03-9147-5ac30cf6813f.webp	img/defab36403831ad5.jpg	248099	1080x1446
https://cdn.higgsfield.ai/cdn-cgi/image/width=1080,quality=80,format=auto/marketing-studio-v2-poster/590e60f8-bdcf-4984-bfd6-04551f3b568a.webp	img/57e4088e5fbcd86d.jpg	413972	1080x1446
https://cdn.higgsfield.ai/cdn-cgi/image/width=1080,quality=80,format=auto/marketing-studio-v2-poster/5c225acd-3435-4284-8704-3f3b89f7a79f.webp	img/8ea78580279eae7d.jpg	253796	1080x1446
https://cdn.higgsfield.ai/cdn-cgi/image/width=1080,quality=80,format=auto/marketing-studio-v2-poster/5cafe796-3df9-4695-b496-27730da8bba5.webp	img/eb4083a8485e05a7.jpg	372301	1080x1446
https://cdn.higgsfield.ai/cdn-cgi/image/width=1080,quality=80,format=auto/marketing-studio-v2-poster/5e86fe6d-1c52-43e8-af43-bbf7f826c835.webp	img/95c6c0f4a565fdc3.jpg	119874	1080x1626
https://cdn.higgsfield.ai/cdn-cgi/image/width=1080,quality=80,format=auto/marketing-studio-v2-poster/5f9d5ff6-5816-401d-b0ec-a9438a741847.webp	img/138aeac9923a8df8.jpg	284428	1080x1080
https://cdn.higgsfield.ai/cdn-cgi/image/width=1080,quality=80,format=auto/marketing-studio-v2-poster/600e8a49-e1bd-40b0-9dc2-f9bd4398c529.webp	img/b57eaedb8e4ef9ee.jpg	151900	1080x1446
https://cdn.higgsfield.ai/cdn-cgi/image/width=1080,quality=80,format=auto/marketing-studio-v2-poster/60f1a49c-dc35-4881-8867-a16df6d173b8.webp	img/4bfe695613ec86c7.jpg	389992	1080x1626
https://cdn.higgsfield.ai/cdn-cgi/image/width=1080,quality=80,format=auto/marketing-studio-v2-poster/61a5c81e-7b6c-49a3-84a6-ad883d9853a8.webp	img/aa5a452d8664a552.jpg	271445	1080x1446
https://cdn.higgsfield.ai/cdn-cgi/image/width=1080,quality=80,format=auto/marketing-studio-v2-poster/6359c309-d0e0-4530-831e-9c9cc7fbf1ed.webp	img/c2bbff624c85dad4.jpg	191722	1080x1446
https://cdn.higgsfield.ai/cdn-cgi/image/width=1080,quality=80,format=auto/marketing-studio-v2-poster/6d288f63-f670-4953-9fd1-9ad2ffe7aaee.webp	img/4966d0eb21e7f01f.jpg	455187	1080x1446
https://cdn.higgsfield.ai/cdn-cgi/image/width=1080,quality=80,format=auto/marketing-studio-v2-poster/698b355a-171f-4d2c-9e6b-77a63850c75d.webp	img/d9d8f11aea4b8e61.jpg	261506	1080x1446
https://cdn.higgsfield.ai/cdn-cgi/image/width=1080,quality=80,format=auto/marketing-studio-v2-poster/67e812b3-b305-456c-80c9-2ffbd0146e41.webp	img/5178bd2362b29a1a.jpg	428073	1080x1446
https://cdn.higgsfield.ai/cdn-cgi/image/width=1080,quality=80,format=auto/marketing-studio-v2-poster/71a74f1e-5aa4-4a23-912c-c847f00d7295.webp	img/473d9dc940bee32b.jpg	74077	1080x1446
https://cdn.higgsfield.ai/cdn-cgi/image/width=1080,quality=80,format=auto/marketing-studio-v2-poster/779760eb-fad2-463f-bde3-cc6a3d59e9ce.webp	img/589f11e141ffbab3.jpg	164380	1080x1626
https://cdn.higgsfield.ai/cdn-cgi/image/width=1080,quality=80,format=auto/marketing-studio-v2-poster/786192e9-c7ac-4f9f-b80d-4cb13d600143.webp	img/eb40221eeb7f134b.jpg	224744	1080x1446
https://cdn.higgsfield.ai/cdn-cgi/image/width=1080,quality=80,format=auto/marketing-studio-v2-poster/7a9359d6-5eee-4dbf-9aaf-6f08130d3d8d.webp	img/05e514eb556958ec.jpg	209133	1080x1446
https://cdn.higgsfield.ai/cdn-cgi/image/width=1080,quality=80,format=auto/marketing-studio-v2-poster/76fd2f20-0b38-421c-9592-77baed8dc17a.webp	img/9ef0a7d541d567c2.jpg	511338	1080x1446
https://cdn.higgsfield.ai/cdn-cgi/image/width=1080,quality=80,format=auto/marketing-studio-v2-poster/80c5dd8a-dd37-4231-87c3-e34a98e511a8.webp	img/23a4ba870c9b5b03.jpg	120541	1080x1080
https://cdn.higgsfield.ai/cdn-cgi/image/width=1080,quality=80,format=auto/marketing-studio-v2-poster/7facf7b8-177b-4323-8c4f-5c46a7a1993a.webp	img/3b5def5abf2fa814.jpg	124980	1080x1446
https://cdn.higgsfield.ai/cdn-cgi/image/width=1080,quality=80,format=auto/marketing-studio-v2-poster/81fb420b-82c4-4810-9f4d-b30589be3bb1.webp	img/bf76bbe3128d0662.jpg	502442	1080x1626
https://cdn.higgsfield.ai/cdn-cgi/image/width=1080,quality=80,format=auto/marketing-studio-v2-poster/821556c1-7444-4c3d-a249-4d10691322db.webp	img/108a33447f13abd2.jpg	172130	1080x1446
https://cdn.higgsfield.ai/cdn-cgi/image/width=1080,quality=80,format=auto/marketing-studio-v2-poster/8390e6bd-86d2-4065-94d2-47f19b53ef78.webp	img/14f2989162eecc24.jpg	283586	1080x1446
https://cdn.higgsfield.ai/cdn-cgi/image/width=1080,quality=80,format=auto/marketing-studio-v2-poster/83ff3a7f-2ded-4637-945e-21b9497000c2.webp	img/b7a08b1ce0d4d84e.jpg	167553	1080x1446
https://cdn.higgsfield.ai/cdn-cgi/image/width=1080,quality=80,format=auto/marketing-studio-v2-poster/8402b262-af6a-46f0-8217-bd17008fa341.webp	img/aec1a3c6151c761c.jpg	233752	1080x1909
https://cdn.higgsfield.ai/cdn-cgi/image/width=1080,quality=80,format=auto/marketing-studio-v2-poster/89b2eb3c-325c-40aa-8bfc-e44f2a2db237.webp	img/d6575afb7756c25b.jpg	226257	1080x1446
https://cdn.higgsfield.ai/cdn-cgi/image/width=1080,quality=80,format=auto/marketing-studio-v2-poster/886dedb4-bd77-47e5-a696-7f36d2d17555.webp	img/ac06966335e2c5a1.jpg	386482	1080x1626
https://cdn.higgsfield.ai/cdn-cgi/image/width=1080,quality=80,format=auto/marketing-studio-v2-poster/8bf10c1f-d630-4010-9930-7b27e580e95a.webp	img/40f61590be57c713.jpg	171771	1080x1446
https://cdn.higgsfield.ai/cdn-cgi/image/width=1080,quality=80,format=auto/marketing-studio-v2-poster/9026e078-ded8-4117-8d31-f990e30b3493.webp	img/0ef8c481157e1cfd.jpg	136409	1080x1446
https://cdn.higgsfield.ai/cdn-cgi/image/width=1080,quality=80,format=auto/marketing-studio-v2-poster/96bcf116-6232-460e-8b97-b2634c6a19c6.webp	img/117a9552ed469b25.jpg	187999	1080x1446
https://cdn.higgsfield.ai/cdn-cgi/image/width=1080,quality=80,format=auto/marketing-studio-v2-poster/970d0c45-b76e-458d-88d7-8686aff072b2.webp	img/a85d14237c508146.jpg	324783	1080x1080
https://cdn.higgsfield.ai/cdn-cgi/image/width=1080,quality=80,format=auto/marketing-studio-v2-poster/9ac8b310-ae76-4c89-bc3e-45622267c3ff.webp	img/2a9a16116091f65d.jpg	187548	1080x1446
https://cdn.higgsfield.ai/cdn-cgi/image/width=1080,quality=80,format=auto/marketing-studio-v2-poster/9ad63353-3076-497c-a225-a687a06aca5c.webp	img/4c1180b8b630677c.jpg	106659	1080x1626
https://cdn.higgsfield.ai/cdn-cgi/image/width=1080,quality=80,format=auto/marketing-studio-v2-poster/9d3d8771-cbd1-4058-91b8-69abaa78e7d5.webp	img/5b147eb79b804c9b.jpg	116206	1080x1626
https://cdn.higgsfield.ai/cdn-cgi/image/width=1080,quality=80,format=auto/marketing-studio-v2-poster/a047e126-0222-4cb0-9566-6ab0e93ecedf.webp	img/b34c51740d39c909.jpg	377148	1080x1446
https://cdn.higgsfield.ai/cdn-cgi/image/width=1080,quality=80,format=auto/marketing-studio-v2-poster/9f09d365-d0ab-4a9c-ab0a-3329d447522c.webp	img/ea1846adffcee273.jpg	252483	1080x1080
https://cdn.higgsfield.ai/cdn-cgi/image/width=1080,quality=80,format=auto/marketing-studio-v2-poster/a0b5e4d4-d7b0-4599-9519-86002455fb1c.webp	img/9ae378b05d987137.jpg	244123	1080x1626
https://cdn.higgsfield.ai/cdn-cgi/image/width=1080,quality=80,format=auto/marketing-studio-v2-poster/a223a91f-71ac-4877-820f-3aed5159c7e8.webp	img/c35f6335868a9baf.jpg	284612	1080x1446
https://cdn.higgsfield.ai/cdn-cgi/image/width=1080,quality=80,format=auto/marketing-studio-v2-poster/a3e87390-3ab0-4867-8c46-6574c6c42366.webp	img/8cef9576dded4046.jpg	335083	1080x1626
https://cdn.higgsfield.ai/cdn-cgi/image/width=1080,quality=80,format=auto/marketing-studio-v2-poster/a5b6dee9-d3d4-4827-9fcb-42bf0039f22e.webp	img/3ff6b570302ea516.jpg	250559	1080x1446
https://cdn.higgsfield.ai/cdn-cgi/image/width=1080,quality=80,format=auto/marketing-studio-v2-poster/a3b078ec-5839-4ace-85d2-ee5c72feaa43.webp	img/609c2f5886cc1a2f.jpg	651431	1080x1626
https://cdn.higgsfield.ai/cdn-cgi/image/width=1080,quality=80,format=auto/marketing-studio-v2-poster/a8b08593-da29-431a-8467-7cf056ab3de5.webp	img/4586a98d9ecec0bd.jpg	156038	1080x1446
https://cdn.higgsfield.ai/cdn-cgi/image/width=1080,quality=80,format=auto/marketing-studio-v2-poster/aa22292c-c0a7-4641-9466-093cd440882e.webp	img/92abe68842835536.jpg	115113	1080x1626
https://cdn.higgsfield.ai/cdn-cgi/image/width=1080,quality=80,format=auto/marketing-studio-v2-poster/ad95a372-bd01-4c7d-a377-ba8798b40820.webp	img/5d31b7028c99a9a7.jpg	179871	1080x1446
https://cdn.higgsfield.ai/cdn-cgi/image/width=1080,quality=80,format=auto/marketing-studio-v2-poster/a70a4272-0121-44c7-b3fc-fd6d0e7cd0c4.webp	img/5c8498d447a59f63.jpg	189847	1080x1446
https://cdn.higgsfield.ai/cdn-cgi/image/width=1080,quality=80,format=auto/marketing-studio-v2-poster/b2ecc09f-00c7-4aa1-81ba-7633980a2e90.webp	img/02070f11d9a6b031.jpg	348575	1080x1626
https://cdn.higgsfield.ai/cdn-cgi/image/width=1080,quality=80,format=auto/marketing-studio-v2-poster/b5634831-f654-4711-9793-54be9ed319f5.webp	img/97a373bd21583eef.jpg	124009	1080x1446
https://cdn.higgsfield.ai/cdn-cgi/image/width=1080,quality=80,format=auto/marketing-studio-v2-poster/b47c8c3d-2469-47f6-8cfe-1b0395afac9e.webp	img/6a6cc6c27a7102d0.jpg	422160	1080x1626
https://cdn.higgsfield.ai/cdn-cgi/image/width=1080,quality=80,format=auto/marketing-studio-v2-poster/b690bd73-f295-48cf-8c23-93c0d15d17f9.webp	img/73d4d85db1281b19.jpg	193325	1080x1446
https://cdn.higgsfield.ai/cdn-cgi/image/width=1080,quality=80,format=auto/marketing-studio-v2-poster/b79eb284-e0e6-4d2a-9614-927fadf51725.webp	img/5de06937cd4cd29c.jpg	170969	1080x1446
https://cdn.higgsfield.ai/cdn-cgi/image/width=1080,quality=80,format=auto/marketing-studio-v2-poster/b9be690d-3a35-4c94-8325-ce0aeabcb630.webp	img/7d9c955310821d62.jpg	351555	1080x1446
https://cdn.higgsfield.ai/cdn-cgi/image/width=1080,quality=80,format=auto/marketing-studio-v2-poster/bc12af60-592a-4c38-9f4d-aa8bbba992d6.webp	img/be563bfefd9d6310.jpg	339621	1080x1446
https://cdn.higgsfield.ai/cdn-cgi/image/width=1080,quality=80,format=auto/marketing-studio-v2-poster/bc302a13-79ff-4df5-bd68-a44c8d1e8052.webp	img/4f7c5279f6f08f21.jpg	265430	1080x1446
https://cdn.higgsfield.ai/cdn-cgi/image/width=1080,quality=80,format=auto/marketing-studio-v2-poster/bd741376-8918-4375-b681-0c5a6cdff4b6.webp	img/d12265b4d707f198.jpg	187115	1080x1626
https://cdn.higgsfield.ai/cdn-cgi/image/width=1080,quality=80,format=auto/marketing-studio-v2-poster/bc442e17-b1e4-49f0-9b87-86341fa0ec0d.webp	img/caa9e5c027e5ef9b.jpg	366202	1080x1626
https://cdn.higgsfield.ai/cdn-cgi/image/width=1080,quality=80,format=auto/marketing-studio-v2-poster/beda1ca0-dc66-4c73-b7c6-89a67707e3f2.webp	img/c14eae2e3296c3f2.jpg	261078	1080x1446
https://cdn.higgsfield.ai/cdn-cgi/image/width=1080,quality=80,format=auto/marketing-studio-v2-poster/c2ac214d-ee99-4ad9-9241-c56dc0a1ebe7.webp	img/e9a556312fee219e.jpg	362737	1080x1626
https://cdn.higgsfield.ai/cdn-cgi/image/width=1080,quality=80,format=auto/marketing-studio-v2-poster/bec873d2-877b-47c9-ab49-011c69fa11e4.webp	img/8226103efbf67471.jpg	395417	1080x1626
https://cdn.higgsfield.ai/cdn-cgi/image/width=1080,quality=80,format=auto/marketing-studio-v2-poster/c2f4de0a-fec3-4701-ac85-e4491883339e.webp	img/c47c4a8bc809339f.jpg	137990	1080x1080
https://cdn.higgsfield.ai/cdn-cgi/image/width=1080,quality=80,format=auto/marketing-studio-v2-poster/c338a331-4f0e-40e2-b304-6aeba86d72d1.webp	img/2ad94b93b6a96dcf.jpg	261769	1080x1446
https://cdn.higgsfield.ai/cdn-cgi/image/width=1080,quality=80,format=auto/marketing-studio-v2-poster/c4f634f1-b9b9-4cf5-999c-ce9238e01d14.webp	img/5619b90c31096859.jpg	386574	1080x1446
https://cdn.higgsfield.ai/cdn-cgi/image/width=1080,quality=80,format=auto/marketing-studio-v2-poster/cc0c3a42-82b0-4bd8-a961-f1ed6ffc6566.webp	img/4c716c1ad7d57bbe.jpg	243341	1080x1080
https://cdn.higgsfield.ai/cdn-cgi/image/width=1080,quality=80,format=auto/marketing-studio-v2-poster/ccbea5d9-f992-4b3a-b8f2-d5ef37f6b65a.webp	img/63e00637353c2028.jpg	185731	1080x1080
https://cdn.higgsfield.ai/cdn-cgi/image/width=1080,quality=80,format=auto/marketing-studio-v2-poster/c6385749-ef5a-4f84-8c70-e89f4a95b526.webp	img/59ecdbc1fb3d0ee9.jpg	128989	1080x1626
https://cdn.higgsfield.ai/cdn-cgi/image/width=1080,quality=80,format=auto/marketing-studio-v2-poster/cd632b28-bea8-4715-98fc-e87159870f31.webp	img/8dcd2c2754ea9620.jpg	394552	1080x1446
https://cdn.higgsfield.ai/cdn-cgi/image/width=1080,quality=80,format=auto/marketing-studio-v2-poster/cff52b4c-98a2-47e2-a3f4-eef01c84409e.webp	img/9b189c41bb91bd7e.jpg	223433	1080x1626
https://cdn.higgsfield.ai/cdn-cgi/image/width=1080,quality=80,format=auto/marketing-studio-v2-poster/d2da4f86-4f08-4d7f-950b-c81b72645699.webp	img/28dcfdc68de14c36.jpg	110477	1080x1626
https://cdn.higgsfield.ai/cdn-cgi/image/width=1080,quality=80,format=auto/marketing-studio-v2-poster/ccab71e3-59aa-40f6-b744-5ccc0183ce76.webp	img/6a5e8f170271f5e1.jpg	572609	1080x1626
https://cdn.higgsfield.ai/cdn-cgi/image/width=1080,quality=80,format=auto/marketing-studio-v2-poster/d577cd1e-8f07-4bbd-9ee5-f948742d0ff2.webp	img/e4fa195e56dd0836.jpg	150223	1080x1626
https://cdn.higgsfield.ai/cdn-cgi/image/width=1080,quality=80,format=auto/marketing-studio-v2-poster/d46e01ea-8245-485b-bf73-be31accac9ca.webp	img/5fb9e5dc0f621c2d.jpg	341184	1080x1446
https://cdn.higgsfield.ai/cdn-cgi/image/width=1080,quality=80,format=auto/marketing-studio-v2-poster/d913a509-cdf6-4689-b9f8-ed3e5d74b03d.webp	img/fb9b33a49104d18b.jpg	141349	1080x1626
https://cdn.higgsfield.ai/cdn-cgi/image/width=1080,quality=80,format=auto/marketing-studio-v2-poster/d79b1651-b93f-4968-b78e-b0c4a247c6cf.webp	img/6bb5d39ba58c84a5.jpg	209384	1080x1626
https://cdn.higgsfield.ai/cdn-cgi/image/width=1080,quality=80,format=auto/marketing-studio-v2-poster/da7c629d-6a32-4fea-8388-1e8c88c055ff.webp	img/c8dd6c0ea0ca92c3.jpg	119358	1080x806
https://cdn.higgsfield.ai/cdn-cgi/image/width=1080,quality=80,format=auto/marketing-studio-v2-poster/d77353a3-cf6a-494c-8ac8-3e01a06be77d.webp	img/0ab98a8e59048e3e.jpg	210338	1080x1909
https://cdn.higgsfield.ai/cdn-cgi/image/width=1080,quality=80,format=auto/marketing-studio-v2-poster/dc96a448-838e-4519-ab68-aa1605ecdbdd.webp	img/d994798103f3f74b.jpg	299803	1080x1626
https://cdn.higgsfield.ai/cdn-cgi/image/width=1080,quality=80,format=auto/marketing-studio-v2-poster/e3b6e4e9-bdf3-452e-acff-17d807087fd9.webp	img/91c940ab77be3957.jpg	262076	1080x1080
https://cdn.higgsfield.ai/cdn-cgi/image/width=1080,quality=80,format=auto/marketing-studio-v2-poster/e1772d56-b34b-4c7a-9d05-a9138eebccce.webp	img/b9fbc2bc9c86c2ce.jpg	405846	1080x1446
https://cdn.higgsfield.ai/cdn-cgi/image/width=1080,quality=80,format=auto/marketing-studio-v2-poster/e7309d85-13e9-471e-ae0e-22d35c53cebb.webp	img/2ac7b1e623d2909e.jpg	143585	1080x1080
https://cdn.higgsfield.ai/cdn-cgi/image/width=1080,quality=80,format=auto/marketing-studio-v2-poster/dfecc144-2bc1-40ac-9b29-490ef30fc787.webp	img/133ac3855e5125dd.jpg	201719	1080x1446
https://cdn.higgsfield.ai/cdn-cgi/image/width=1080,quality=80,format=auto/marketing-studio-v2-poster/dec78399-c8d1-4fc3-aff2-d0c6fcf5895c.webp	img/f9e5415100031109.jpg	434287	1080x1909
https://cdn.higgsfield.ai/cdn-cgi/image/width=1080,quality=80,format=auto/marketing-studio-v2-poster/e8829675-c276-4659-be80-7d5caafe52c7.webp	img/23aa232270f57895.jpg	216047	1080x1626
https://cdn.higgsfield.ai/cdn-cgi/image/width=1080,quality=80,format=auto/marketing-studio-v2-poster/e9ccde38-a577-45ce-ae72-824dd2d1e4a1.webp	img/93551d984ab0e8ab.jpg	301333	1080x1626
https://cdn.higgsfield.ai/cdn-cgi/image/width=1080,quality=80,format=auto/marketing-studio-v2-poster/e9eacde3-04fc-47e7-b30c-3a128d4b6cba.webp	img/a163d5185a1fdb75.jpg	99102	1080x1446
https://cdn.higgsfield.ai/cdn-cgi/image/width=1080,quality=80,format=auto/marketing-studio-v2-poster/eb48ef19-ad92-4f2e-a10c-a8cca604411a.webp	img/d540d304d585067b.jpg	101053	1080x1446
https://cdn.higgsfield.ai/cdn-cgi/image/width=1080,quality=80,format=auto/marketing-studio-v2-poster/ebf87639-e47c-4784-b87a-032be2389d40.webp	img/6f4134ff368a42df.jpg	387804	1080x1446
https://cdn.higgsfield.ai/cdn-cgi/image/width=1080,quality=80,format=auto/marketing-studio-v2-poster/eebf239b-0819-45cb-9d32-a2bf37f4a327.webp	img/a52abf688c4c8d14.jpg	466060	1080x1626
https://cdn.higgsfield.ai/cdn-cgi/image/width=1080,quality=80,format=auto/marketing-studio-v2-poster/eaf4d551-8685-4ff0-b92e-492f8726ec31.webp	img/044148722b906417.jpg	421084	1080x1909
https://cdn.higgsfield.ai/cdn-cgi/image/width=1080,quality=80,format=auto/marketing-studio-v2-poster/ef285793-ffca-4d07-8b62-7d798f6757b2.webp	img/e4503f74d7f7bd90.jpg	232464	1080x1446
https://cdn.higgsfield.ai/cdn-cgi/image/width=1080,quality=80,format=auto/marketing-studio-v2-poster/f12212f0-cd77-47fb-8d82-d0831fd5fe55.webp	img/8c16568a389aa98a.jpg	243653	1080x1080
https://cdn.higgsfield.ai/cdn-cgi/image/width=1080,quality=80,format=auto/marketing-studio-v2-poster/eecc9d15-f4e2-4256-b462-765bf39fc428.webp	img/b9476324726b201c.jpg	365034	1080x1626
https://cdn.higgsfield.ai/cdn-cgi/image/width=1080,quality=80,format=auto/marketing-studio-v2-poster/f0f75d9f-fd0e-4702-8f5a-aacc86b4bdcc.webp	img/8182a1c820c315eb.jpg	421026	1080x1446
https://cdn.higgsfield.ai/cdn-cgi/image/width=1080,quality=80,format=auto/marketing-studio-v2-poster/f466865f-faf2-4387-9243-5c9390471b45.webp	img/60e38f90f86179ed.jpg	122111	1080x1446
https://cdn.higgsfield.ai/cdn-cgi/image/width=1080,quality=80,format=auto/marketing-studio-v2-poster/f3b14465-dc6a-4a31-92a1-425a8e502e5a.webp	img/d751762998f617a0.jpg	150463	1080x1080
https://cdn.higgsfield.ai/cdn-cgi/image/width=1080,quality=80,format=auto/marketing-studio-v2-poster/f52d85a8-2400-4468-b14a-6304bc4b7c5a.webp	img/3a6636c90ee17a72.jpg	419735	1080x1626
https://cdn.higgsfield.ai/cdn-cgi/image/width=1080,quality=80,format=auto/marketing-studio-v2-poster/f495d9a3-ec69-460a-98ba-eddcae28e330.webp	img/ba6d1205aaa23e20.jpg	216399	1080x1446
https://cdn.higgsfield.ai/cdn-cgi/image/width=1080,quality=80,format=auto/marketing-studio-v2-poster/f6b5a95c-722f-4bf9-a411-b7e2bb6f4032.webp	img/5d93b07605805258.jpg	375668	1080x1626
https://cdn.higgsfield.ai/cdn-cgi/image/width=1080,quality=80,format=auto/marketing-studio-v2-poster/f654f11e-0f96-434f-9dfd-c67f30276ec8.webp	img/d3b0e69250ccc683.jpg	111647	1080x1626
https://cdn.higgsfield.ai/cdn-cgi/image/width=1080,quality=80,format=auto/marketing-studio-v2-poster/f761b3a8-e5b1-43b5-9c70-a1e23de306aa.webp	img/4fc5d552c16abfbe.jpg	181220	1080x1446
https://cdn.higgsfield.ai/cdn-cgi/image/width=1080,quality=80,format=auto/marketing-studio-v2-poster/fbd62c50-e2e7-4b88-bab1-02c31c1e9524.webp	img/a84e49aef91ae2cf.jpg	270385	1080x1446
https://cdn.higgsfield.ai/cdn-cgi/image/width=1080,quality=80,format=auto/marketing-studio-v2-poster/fce3f474-8929-4780-b1f5-33acf3a4f962.webp	img/6673d1f4f8de4ea1.jpg	187962	1080x1626
https://cdn.higgsfield.ai/cdn-cgi/image/width=1080,quality=80,format=auto/marketing-studio-v2-poster/ff58aed9-4671-4765-85e4-33e3a7780b0b.webp	img/9fa0c45942c804fd.jpg	194334	1080x1626
https://cdn.higgsfield.ai/cdn-cgi/image/width=1080,quality=80,format=auto/marketing-studio-v2-poster/ffde0b92-c740-4b5b-a62d-9a73c0c45bc3.webp	img/3ec94d78dcb70066.jpg	222313	1080x1626
https://cdn.higgsfield.ai/cdn-cgi/image/width=1080,quality=80,format=auto/marketing-studio-v2-poster/fa3f2f06-c5e0-4070-a2d3-089347cbbd36.webp	img/8378e1b9727ac5d9.jpg	308759	1080x1626
https://cdn.higgsfield.ai/cdn-cgi/image/width=1080,quality=80,format=auto/marketing-studio-v2-product-shot/36052145-6b41-51f2-95c1-7a0f0393a112.webp	img/30700452645ba1ab.jpg	276210	1080x1446
https://cdn.higgsfield.ai/cdn-cgi/image/width=1080,quality=80,format=auto/marketing-studio-v2-product-shot/750aea75-3936-406b-923d-07b0bee44955.webp	img/3ede6a1f562e35a0.jpg	136509	1080x1446
https://cdn.higgsfield.ai/cdn-cgi/image/width=1080,quality=80,format=auto/marketing-studio-v2-product-shot/17517b48-1fd8-46aa-b269-a658049d418e.webp	img/9438b9bce824cc23.jpg	173394	1080x1609
https://cdn.higgsfield.ai/cdn-cgi/image/width=1080,quality=80,format=auto/marketing-studio-v2-product-shot/2901a3ca-5eb9-469a-b167-2e2d50996a1e.webp	img/788720320cc49574.jpg	102907	1080x1340
https://cdn.higgsfield.ai/cdn-cgi/image/width=1080,quality=80,format=auto/marketing-studio-v2-product-shot/941ef07a-c2ab-5a0e-ac67-4e6c762c8ef2.webp	img/89d2fe574a7abfcb.jpg	84056	1080x1446
https://cdn.higgsfield.ai/cdn-cgi/image/width=1080,quality=80,format=auto/marketing-studio-v2-product-shot/d23593e3-bbe6-413d-bdee-3908639de143.webp	img/7437e87dd9c49e7f.jpg	220464	1080x1340
https://cdn.higgsfield.ai/cdn-cgi/image/width=1080,quality=80,format=auto/marketing-studio-v2-product-shots-people/2450c7f8-8b0c-4149-a6dd-d011ba48625e.webp	img/7c30a061c41d4e3a.jpg	163374	1080x1443
https://cdn.higgsfield.ai/cdn-cgi/image/width=1080,quality=80,format=auto/marketing-studio-v2-product-shots-people/51944329-8f88-4487-9a23-5dcf87711e48.webp	img/1cdfff3edcf4f32f.jpg	155913	1080x1443
https://cdn.higgsfield.ai/cdn-cgi/image/width=1080,quality=80,format=auto/marketing-studio-v2-product-shots-people/6b5971ab-9719-4f86-b58f-f0558f00dfbf.webp	img/cb0359bca1d1e027.jpg	168962	1080x1080
https://cdn.higgsfield.ai/cdn-cgi/image/width=1080,quality=80,format=auto/marketing-studio-v2-product-shots-people/6b773178-a21b-43a1-a9ea-3f50888ad958.webp	img/a7be2d29d3020788.jpg	211859	1080x1443
https://cdn.higgsfield.ai/cdn-cgi/image/width=1080,quality=80,format=auto/marketing-studio-v2-product-shots-people/711ecf09-1b4a-4441-adb5-b0856f756f7b.webp	img/0d0cebcdc0f003b9.jpg	174827	1080x1443
https://cdn.higgsfield.ai/cdn-cgi/image/width=1080,quality=80,format=auto/marketing-studio-v2-product-shots-people/834bb6b2-3a9b-48dd-9889-6934c765ccc2.webp	img/bc11bf35f1500298.jpg	216018	1080x1620
https://cdn.higgsfield.ai/cdn-cgi/image/width=1080,quality=80,format=auto/marketing-studio-v2-product-shots-people/862de749-aa5c-4816-b028-7e254d969759.webp	img/c9a6592b4820d9b5.jpg	166649	1080x1443
https://cdn.higgsfield.ai/cdn-cgi/image/width=1080,quality=80,format=auto/marketing-studio-v2-product-shots-people/7344f15e-0f1a-4520-a73f-dbb1dc2f34a4.webp	img/2c1ee9eae1211289.jpg	125392	1080x1340
https://cdn.higgsfield.ai/cdn-cgi/image/width=1080,quality=80,format=auto/marketing-studio-v2-product-shots-people/945bde67-d3b4-4a80-a6eb-c9779b6630c1.webp	img/355d85bb1c943055.jpg	203274	1080x1443
https://cdn.higgsfield.ai/cdn-cgi/image/width=1080,quality=80,format=auto/marketing-studio-v2-product-shots-people/987c5b31-e651-4c84-b93a-20106b0c9f93.webp	img/b23f8e5e35ed583e.jpg	203337	1080x1620
https://cdn.higgsfield.ai/cdn-cgi/image/width=1080,quality=80,format=auto/marketing-studio-v2-product-shots-people/bb41b4ca-dbeb-4755-867d-508250b2d981.webp	img/522a57539cbde22d.jpg	163404	1080x1443
https://cdn.higgsfield.ai/cdn-cgi/image/width=1080,quality=80,format=auto/marketing-studio-v2-saas-motion/a3b23783-514a-4823-8924-3159ee7bfed6.webp	img/ca35db510e233983.jpg	33474	600x1066
https://cdn.higgsfield.ai/cdn-cgi/image/width=1080,quality=80,format=auto/marketing-studio-v2-ugc/46c091cc-6f1e-47f0-82dc-14de2d65ea43.webp	img/0ab4ed828b37de6a.jpg	42990	600x800
https://cdn.higgsfield.ai/cdn-cgi/image/width=1080,quality=80,format=auto/marketing-studio-v2-ugc/4dd6e4ce-b65a-46dd-9479-ed2b182ba44f.webp	img/19810cd361920e2a.jpg	55981	600x1066
https://cdn.higgsfield.ai/cdn-cgi/image/width=1080,quality=80,format=auto/marketing-studio-v2-ugc/5624a15b-2117-419e-9341-752e20ef7d3c.webp	img/6eefb34115015c06.jpg	42963	600x800
https://cdn.higgsfield.ai/cdn-cgi/image/width=1080,quality=80,format=auto/marketing-studio-v2-ugc/86ede977-ab41-4894-945d-f5dc1113a5ee.webp	img/564f9e550d6af5f8.jpg	40953	600x1066
https://cdn.higgsfield.ai/cdn-cgi/image/width=1080,quality=80,format=auto/marketing-studio-v2-ugc/c3f35825-20b9-4673-a508-9c9b20fcb3d4.webp	img/4a7a33a8c34dde13.jpg	43203	600x1066
https://cdn.higgsfield.ai/cdn-cgi/image/width=1080,quality=80,format=auto/marketing-studio-v2-ugc/dedcc95c-0e28-4669-a239-37cbfa4a22f7.webp	img/17284bb985a106ac.jpg	41055	600x1066
https://cdn.higgsfield.ai/cdn-cgi/image/width=1080,quality=80,format=auto/marketing-studio-v2-ugc/b023a0f0-f13c-41af-b4ef-9bf0a123a39f.webp	img/95dda2b92aff09b2.jpg	39987	600x1066
https://cdn.higgsfield.ai/cdn-cgi/image/width=1080,quality=80,format=auto/marketing-studio-v2-ugc/fce5f2c3-6797-40a6-a701-ec4fa1f1c637.webp	img/6f06adf0fedebdb6.jpg	51123	600x1066
https://cdn.higgsfield.ai/cdn-cgi/image/width=1080,quality=80,format=auto/user_39acLUpaKDzX3Ox7Ekzzl7vlQ67/hf_20260413_143526_2f7b5dac-e0f6-4515-a534-9831f7ba01db_thumbnail.webp	img/96d43661c966d1c5.jpg	59638	720x960
https://cdn.higgsfield.ai/cinema_studio_3_0/3c971327-4a89-47c1-8ebb-2e6556c58363.webp	img/a957ec67bd6ad7b1.jpg	152308	1080x607
https://cdn.higgsfield.ai/cinema_studio_3_0/601bc149-7674-47d9-9a01-e63e20d638f6.webp	img/1fe595f6a2750a21.jpg	109786	1080x457
https://cdn.higgsfield.ai/cinema_studio_3_0/5d1b6daa-beb0-4134-8b5a-19ca0e9e42fc.webp	img/f6aac1571e56334b.jpg	233822	1080x607
https://cdn.higgsfield.ai/cinema_studio_3_0/2eae7aa3-e270-4931-9363-8e840ea434c8.webp	img/6e05e08a3879f9e8.jpg	117568	1080x603
https://cdn.higgsfield.ai/cinema_studio_3_0/7d539ce5-ff3c-4ad1-b642-d10e1d1986af.webp	img/4135e9f98814b9bd.jpg	103826	1080x607
https://cdn.higgsfield.ai/cinema_studio_3_0/8a0018b8-bbba-4491-a593-dac163e4f8f9.webp	img/7c116bc284475cee.jpg	155568	1080x607
https://cdn.higgsfield.ai/cinema_studio_40_creative_controls/15f98825-a751-4947-b8be-560c3aabcc9c.webp	img/94d761b4db017f2a.jpg	4352	600x338
https://cdn.higgsfield.ai/cinema_studio_3_0/e996157f-01a7-4b6a-8b05-225b1d44538e.webp	img/e74f696024153ca3.jpg	19282	1080x607
https://cdn.higgsfield.ai/cinema_studio_3_0/9946223b-28e7-42fa-89fb-f7f85947c9ad.webp	img/1817eb31e0e0272f.jpg	272098	1080x607
https://cdn.higgsfield.ai/cinema_studio_40_creative_controls/55b8410f-b02b-4885-988d-693fd74504c4.webp	img/1d38aae56e15334a.jpg	8664	600x338
https://cdn.higgsfield.ai/cinema_studio_40_creative_controls/1a6cab3c-b6eb-4930-998e-8359fc64a4b6.webp	img/4e3ee8076c89681b.jpg	11726	600x338
https://cdn.higgsfield.ai/cinema_studio_40_creative_controls/93eb82f2-6dc1-419b-b435-d6b61178cbd6.webp	img/dbe87d096d7d9a15.jpg	8850	600x338
https://cdn.higgsfield.ai/cinema_studio_40_creative_controls/aeb0bea6-e268-439c-92e4-9c2ff4966571.webp	img/a0a05b3ce456b13d.jpg	5516	600x338
https://cdn.higgsfield.ai/cinema_studio_3_0/e30c0dff-8a78-4464-a623-a012382adbce.webp	img/1c33ce5045f0fa98.jpg	135214	1080x607
https://cdn.higgsfield.ai/cinema_studio_3_0/c6a2058f-44e0-4c91-a04c-d9e9717c1c9a.webp	img/85ead0480b084032.jpg	177520	1080x607
https://cdn.higgsfield.ai/d30aa059-64a4-4409-aad8-ede5bb4f567c_thumb.webp	img/367bc6bf2c048e3e.jpg	50238	720x540
https://cdn.higgsfield.ai/cinema_studio_40_creative_controls/ba472198-f68f-4a7f-a1d7-ec5989ddfe1c.webp	img/a7773d425a31c841.jpg	8854	600x338
https://cdn.higgsfield.ai/d1c2459f-34f5-453b-8f41-39e44a9480e6_thumb.webp	img/51f58eec1f22c248.jpg	201526	720x406
https://cdn.higgsfield.ai/d6552a6a-6273-4ebf-81ff-dd33728ed80a.webp	img/5d84b55c60df966b.jpg	180760	600x800
https://cdn.higgsfield.ai/cinema_studio_40_creative_controls/ea53a64b-5a44-4db8-b593-75b04919eec0.webp	img/4eda4083f6e4d1ef.jpg	8422	600x338
https://cdn.higgsfield.ai/daabba5f-c770-48e4-9fe6-5690aa5fbb13.webp	img/b6f834b6b3136a3c.jpg	59360	1080x464
https://cdn.higgsfield.ai/db1bcb28-b282-4f74-872c-90faed8dceac.jpg	img/2f43c65566b06231.jpg	271782	1536x2732
https://cdn.higgsfield.ai/d87b5ac1-2a02-457c-840b-ab412e30254b.webp	img/cfd3c71933e2f8ad.jpg	49566	1080x608
https://cdn.higgsfield.ai/e312969d-8770-40e9-9601-5c78445e576f.webp	img/39ff0412d0030964.jpg	64356	1080x608
https://cdn.higgsfield.ai/e53f7dcf-2523-4c53-8831-a4f6a0266af6.webp	img/977236ab086c1734.jpg	30846	1080x608
https://cdn.higgsfield.ai/e9e62f31-fb31-40a4-bb68-410f9020f7a3.webp	img/e09049d603a1f64f.jpg	106432	1080x608
https://cdn.higgsfield.ai/f440ef76-ca3c-421b-960e-fd424380ecc1.webp	img/ff117d08c1c653d7.jpg	57586	1080x608
https://cdn.higgsfield.ai/ef43a176-0b2c-4a84-816a-b43e6d2ecdb8.webp	img/68a6dc56c491fb33.jpg	75438	1080x608
https://cdn.higgsfield.ai/hls/video_input/1ac1ac00-8c04-4668-9eb5-22c037453bc0/thumbnail.webp	img/4986f5ff68981869.jpg	16482	720x406
https://cdn.higgsfield.ai/hls/video_input/01005d3c-9bcc-4c74-a23c-37d82161e351/thumbnail.webp	img/855b66cd5fd6a396.jpg	13544	720x406
https://cdn.higgsfield.ai/hls/video_input/1d4995ca-1133-4c0a-8abd-554519e9c260/thumbnail.webp	img/148a695055b25e00.jpg	28852	720x406
https://cdn.higgsfield.ai/hls/video_input/1e94cae5-2d5c-409e-a504-aef44aae4662/thumbnail.webp	img/65fadbef23b78217.jpg	22142	720x406
https://cdn.higgsfield.ai/hls/video_input/2157962f-698c-4884-8519-239c8776a2ea/thumbnail.webp	img/44e50263b043797f.jpg	1454	720x302
https://cdn.higgsfield.ai/hls/video_input/40690665-c10f-43e8-b19d-9b218b5abb94/thumbnail.webp	img/94acdaa574c946e7.jpg	15772	720x406
https://cdn.higgsfield.ai/hls/video_input/8379c8de-803d-4b40-ae7a-3029142566f6/thumbnail.webp	img/5d5bed9149a09d51.jpg	1444	720x302
https://cdn.higgsfield.ai/hls/video_input/56987630-1f4d-4c34-884f-822aaeac9bd5/thumbnail.webp	img/b87e43fa828b44f9.jpg	5552	720x308
https://cdn.higgsfield.ai/hls/video_input/6d3d0e1d-a60a-49ab-a170-45c76e3d7b15/poster.webp	img/1af319995cef329b.jpg	15294	720x540
https://cdn.higgsfield.ai/hls/video_input/86b715ea-a994-4830-b329-bcb197d5958e/thumbnail.webp	img/87b1548890708362.jpg	7776	720x406
https://cdn.higgsfield.ai/hls/video_input/8e567c16-28e8-487e-a4be-6059281f5b2e/thumbnail.webp	img/89363ccd5e61f033.jpg	35712	720x540
https://cdn.higgsfield.ai/hls/video_input/6eb955b8-2e11-4742-bfca-6fb1ad9be1a3/thumbnail.webp	img/a020cf03a2918572.jpg	20288	720x406
https://cdn.higgsfield.ai/hls/video_input/bb1d117b-f833-4810-a131-ca44eaad1c8b/thumbnail.webp	img/f94aaee7eae568df.jpg	14606	720x540
https://cdn.higgsfield.ai/hls/video_input/bce9810c-d16e-408d-809f-ab8c592b2ec8/thumbnail.webp	img/a3dc29b3f98fe0bc.jpg	15502	720x308
https://cdn.higgsfield.ai/hls/video_input/aadd4066-3486-4298-ab2b-646c950550ec/thumbnail.webp	img/89a84f0ec68ce87a.jpg	14260	720x406
https://cdn.higgsfield.ai/hls/video_input/bc85ab6a-ff1c-464d-b559-b654a46ce999/thumbnail.webp	img/0028d242af8bd05c.jpg	13638	720x406
https://cdn.higgsfield.ai/hls/video_input/8e773bcc-7271-41a4-8024-3629f9ea9ca4/thumbnail.webp	img/0e69eaafc80b1910.jpg	1446	720x302
https://cdn.higgsfield.ai/hls/video_input/c5652366-2a79-46f3-9565-39bacb734781/thumbnail.webp	img/753e59c07b8fb5b8.jpg	1622	720x302
https://cdn.higgsfield.ai/hls/video_input/ea7f34de-becc-44b4-b6b7-ba81c5420828/thumbnail.webp	img/2c749ae4a8d57ffd.jpg	2692	720x406
https://cdn.higgsfield.ai/hls/video_input/cafcbca6-452a-4815-be2b-576f6f344a7f/thumbnail.webp	img/fc6003a31bf76236.jpg	18460	720x540
https://cdn.higgsfield.ai/hls/video_input_watermarked/1498490d-8232-493c-a034-9255be7baf49/06cce4fd-111e-4169-add1-4a5defe9e884/thumbnail.webp	img/0068d8f5e2692aad.jpg	1908	720x308
https://cdn.higgsfield.ai/hls/video_input_watermarked/59591f3a-4756-4997-b11a-7178f9d71243/315cb25c-a468-4bf2-8aa4-7d063bcd2e3d/thumbnail.webp	img/2159dc96757fcab7.jpg	13892	720x406
https://cdn.higgsfield.ai/hls/video_input_watermarked/2938cfa9-b2ad-41ea-a8d9-5922937b7f58/924c8552-bee4-490d-b108-16fcf3b2d789/thumbnail.webp	img/a24717ba35c284c6.jpg	1886	720x308
https://cdn.higgsfield.ai/hls/video_input_watermarked/2688a1ee-de6a-4e57-bf68-546e8d34f257/aa67b49b-6553-48c6-b6d6-f314a0b150bd/thumbnail.webp	img/e5b4b0e2b96f9ca0.jpg	21590	720x308
https://cdn.higgsfield.ai/hls/video_input_watermarked/88b2eb24-140c-4567-a10f-20be6ee344ab/74c55aec-2320-46e9-9622-305a00420b92/thumbnail.webp	img/0ffe31057bc981df.jpg	3226	720x406
https://cdn.higgsfield.ai/hls/video_input_watermarked/95f63b2e-0977-4ba9-96ab-ded672dd1265/ff875d35-ce49-46cd-a7ed-9a6189ff8608/thumbnail.webp	img/800e50a31ffad35f.jpg	1900	720x308
https://cdn.higgsfield.ai/hls/video_input_watermarked/746cf461-7857-40b4-81a9-5a4f259995b2/22e4d25e-7f4d-41c4-8f7c-2207bb0e58b0/thumbnail.webp	img/ebf7a7bc89bc7c38.jpg	1910	720x308
https://cdn.higgsfield.ai/hls/video_input_watermarked/a15bdb78-ec6f-48a8-b96a-ec8d8f5127bb/a7d1f374-eb2c-4c6e-860d-028316bc18a8/thumbnail.webp	img/d1f195437570c5a5.jpg	23660	720x308
https://cdn.higgsfield.ai/hls/video_input_watermarked/d8ed2c48-5e7a-49ca-91c9-48f614245341/603f6267-6638-4fa5-afc1-6a86bd87334f/thumbnail.webp	img/e8a7f9f0b7c2596d.jpg	22614	720x308
https://cdn.higgsfield.ai/hls/video_input_watermarked/b8353f71-8935-40df-a1f8-273e7b13af05/cae8324f-d3cb-4c30-a5e2-774fc5b15ae6/thumbnail.webp	img/083225ed4d6a3b8c.jpg	2722	720x406
https://cdn.higgsfield.ai/hls/video_input_watermarked/b72b9552-a098-45c8-ae81-d20248795d3d/3165a0de-0744-40c1-b4b3-aeeb69bcfda7/thumbnail.webp	img/f8af4a9b5767b18b.jpg	10758	720x406
https://cdn.higgsfield.ai/hls/video_input_watermarked/d128911d-1f34-4f4b-bd33-1a638e59e87e/8f2c04ae-0be0-411d-bb37-bf782d2ceda5/thumbnail.webp	img/48d144edb6037dad.jpg	10580	720x406
https://cdn.higgsfield.ai/hls/video_input_watermarked/b08862cb-9326-426a-9207-4d4298c2e842/7c07a1ae-ace8-4924-8c84-58c4fc60c502/thumbnail.webp	img/c96f27d37c3ee47b.jpg	2996	720x406
https://cdn.higgsfield.ai/hls/video_input_watermarked/da50e97f-df55-43c4-b744-40722331d226/839b41b9-a19b-454d-a6b4-bc6e3404e4fc/thumbnail.webp	img/1bd082870308e111.jpg	16760	720x406
https://cdn.higgsfield.ai/kling_motion/02e2ea31-b909-475e-9185-c55972c20bfc.webp	img/b6f011f2c23895a9.jpg	20850	600x800
https://cdn.higgsfield.ai/kling_motion/0b441cde-ecbc-4413-84cc-0d06ce5af8f2.webp	img/46841bbc4520c3b8.jpg	15456	600x800
https://cdn.higgsfield.ai/kling_motion/0eb99410-1303-4300-9e5e-3654d5106ba3.webp	img/671d467f3f9592c8.jpg	26648	600x338
https://cdn.higgsfield.ai/kling_motion/0ec30147-54df-42d9-a418-6b8faf44bd78.webp	img/6b87b337f7f38101.jpg	40692	600x800
https://cdn.higgsfield.ai/kling_motion/0fb7068a-f7f0-470b-8b81-3ee5f99da7c9.webp	img/d21b9709f6fcaf28.jpg	6420	600x800
https://cdn.higgsfield.ai/kling_motion/111df116-ce67-43b0-9b4a-309d3a20b9f2.webp	img/f2394c9f2d9cf698.jpg	21030	600x796
https://cdn.higgsfield.ai/kling_motion/1b2efb47-195e-4f6e-872b-7afa00f5bdfd.webp	img/0c8cb7e4e8e4365d.jpg	29522	600x800
https://cdn.higgsfield.ai/kling_motion/19fc77a9-ccea-431d-b920-03c18cf5457a.webp	img/b7b33745e82f91f8.jpg	18248	600x800
https://cdn.higgsfield.ai/kling_motion/2d2c4b81-e514-4251-8f1d-f36debbeeb36.webp	img/02177ceaea5da3ae.jpg	21510	600x450
https://cdn.higgsfield.ai/hls/video_input_watermarked/6484a179-4dee-41a8-a488-b3c488659afd/b5bcc26a-df85-41b5-9030-727f78e77844/thumbnail.webp	img/041792418b0c0851.jpg	2722	720x406
https://cdn.higgsfield.ai/kling_motion/27d0a4d8-dfd5-4c18-a533-1897c5209dfe.webp	img/d7ff14c471c0fa76.jpg	18016	600x800
https://cdn.higgsfield.ai/kling_motion/1db94719-7eac-4712-b0cd-76cb3ee27048.webp	img/6ec33a58d2bd822f.jpg	15810	600x800
https://cdn.higgsfield.ai/kling_motion/3b4642fa-322a-43b4-91f2-87f79f4539ee.webp	img/9b5bf4af52bc3038.jpg	12026	600x800
https://cdn.higgsfield.ai/kling_motion/1d775fa4-ac08-4b82-b3c5-e8caaba78beb.webp	img/cbaab9f6f3979f0e.jpg	23210	600x800
https://cdn.higgsfield.ai/kling_motion/3552b3db-4e9e-430d-b46e-dbb72f269d4d.webp	img/4feaa897d1331f60.jpg	22534	600x818
https://cdn.higgsfield.ai/kling_motion/41fb6daa-543c-41c7-a87f-234916ba1d78.webp	img/e99e49de833ddc97.jpg	16264	600x800
https://cdn.higgsfield.ai/kling_motion/4b5d0317-5435-49e2-b50a-97b3a7a04c83.webp	img/0088fa7f8e320149.jpg	19630	600x800
https://cdn.higgsfield.ai/kling_motion/570c508f-a449-46b6-9a05-4326b4884444.webp	img/73dc15bed46431c7.jpg	13518	600x800
https://cdn.higgsfield.ai/kling_motion/7202e030-d02e-4739-9336-959ae61c18f6.webp	img/63bc230a0d3e9c4f.jpg	14212	600x800
https://cdn.higgsfield.ai/kling_motion/69bb027c-b925-412f-8919-de638686809c.webp	img/e095cf7a5ac681a5.jpg	19654	600x800
https://cdn.higgsfield.ai/kling_motion/769a7b34-5291-4477-a1f5-205f46dfcba1.webp	img/10461e11b3b70caf.jpg	12606	600x800
https://cdn.higgsfield.ai/kling_motion/7aac40ff-2c31-4faf-9114-b38b9a8ac1d6.webp	img/dbcf708ac41eef51.jpg	6420	600x800
https://cdn.higgsfield.ai/kling_motion/7e4590aa-f91c-4ff7-b7f7-f4387a78274d.webp	img/ff35f4a22f21a520.jpg	49932	600x800
https://cdn.higgsfield.ai/kling_motion/85107570-7dc5-49bf-b6b0-1df287bdf532.webp	img/e2d2b317123d8414.jpg	14212	600x800
https://cdn.higgsfield.ai/kling_motion/8d9a30cb-002d-491c-a89e-00e224015cd2.webp	img/d95f7b1525e3ec72.jpg	13680	600x510
https://cdn.higgsfield.ai/kling_motion/88ca249a-8e95-4e4e-9a6e-ced88799dcf8.webp	img/5dac1ef33488cd7e.jpg	21366	600x900
https://cdn.higgsfield.ai/kling_motion/94b61df4-fff8-4c97-8115-59d8f2fcd93d.webp	img/f46e321542b46025.jpg	5244	600x800
https://cdn.higgsfield.ai/kling_motion/8a3f4ebd-9b25-4a90-a3e5-40efbd97c5ca.webp	img/e888800096491539.jpg	16264	600x800
https://cdn.higgsfield.ai/kling_motion/985cb296-60a4-4788-9ae4-283af000940b.webp	img/0ef738bf96133b43.jpg	29522	600x800
https://cdn.higgsfield.ai/kling_motion/aa1a69a0-3f39-455e-a600-624993ecd5c7.webp	img/8bd704a286e96119.jpg	9510	600x450
https://cdn.higgsfield.ai/kling_motion/9fb08bc1-82da-4b2f-a165-6b88c3787804.webp	img/bbe045e6877b81ef.jpg	17186	600x800
https://cdn.higgsfield.ai/kling_motion/ac3056fe-dd37-4c18-92c0-7f007a158c3b.webp	img/9cd081406f437a4a.jpg	31000	600x800
https://cdn.higgsfield.ai/kling_motion/ae410d7d-5c3d-4053-96fe-1d7595bf5bd3.webp	img/982afe932468b5c1.jpg	19654	600x800
https://cdn.higgsfield.ai/kling_motion/a5478993-7f69-40ac-9e53-ee8643088007.webp	img/5a930800a4002c36.jpg	42204	600x800
https://cdn.higgsfield.ai/kling_motion/aee282a4-48fd-4e90-aeff-09d772c0a316.webp	img/648130d6787e23d4.jpg	22254	600x800
https://cdn.higgsfield.ai/kling_motion/b1929b0b-cea5-40b9-88f0-18893d0834cf.webp	img/abf2cec0c019b127.jpg	17186	600x800
https://cdn.higgsfield.ai/kling_motion/b3e9a45e-039f-4bce-834f-59819eb16a4a.webp	img/5546e7658d5f93ec.jpg	7534	600x452
https://cdn.higgsfield.ai/kling_motion/b2b3507e-0e4d-47aa-af51-9830112922ab.webp	img/5dbba071b5010385.jpg	22254	600x800
https://cdn.higgsfield.ai/kling_motion/b6211594-c00b-4c4a-8d29-9b33057be223.webp	img/ca3aed71a00a4cae.jpg	47810	600x800
https://cdn.higgsfield.ai/kling_motion/bcd9bfa4-8f48-466e-bd76-56e59b4bc907.webp	img/c8d1d7af10ca1304.jpg	18248	600x800
https://cdn.higgsfield.ai/kling_motion/c1e066df-c1bb-42ca-b371-069d19420a38.webp	img/eaf56ea08c4f6fa7.jpg	21818	600x800
https://cdn.higgsfield.ai/kling_motion/ca7a62bb-7e77-45f1-87dd-e5daca869ffc.webp	img/77fb6b4b34b0972b.jpg	8990	600x338
https://cdn.higgsfield.ai/kling_motion/c55aaeff-aff4-4555-829e-3ffdc193df7f.webp	img/4e18674e5bf0bf7e.jpg	32974	600x800
https://cdn.higgsfield.ai/kling_motion/ccb43c6f-d425-4f63-bf44-37cf7ac6bcca.webp	img/1874b4fea687b708.jpg	5244	600x800
https://cdn.higgsfield.ai/kling_motion/d610e8c9-8e35-4018-821c-893f408a5cec.webp	img/e091493702f1ca8a.jpg	12294	600x800
https://cdn.higgsfield.ai/kling_motion/db6bcf31-c8bf-49f6-bb13-a6b068e7db2e.webp	img/69c8e957d0781cdd.jpg	18016	600x800
https://cdn.higgsfield.ai/kling_motion/eed07eee-d8e1-41e0-b587-fa97010ffc2a.webp	img/37636351e0538a2e.jpg	20850	600x800
https://cdn.higgsfield.ai/minimax_hailuo_motion/01ae2ef0-1822-4dad-a88d-8f82a2771362.webp	img/59ddf791b7feca72.jpg	19538	600x800
https://cdn.higgsfield.ai/kling_motion/e796eb4a-ae5c-4ece-87de-41451375d5a2.webp	img/c604e1636aa004d4.jpg	31938	600x338
https://cdn.higgsfield.ai/kling_motion/f5489d1d-794f-4851-acbc-280b9cc8e322.webp	img/9a75a0215323188d.jpg	12418	600x800
https://cdn.higgsfield.ai/minimax_hailuo_motion/03e44541-8610-4dbe-b997-60aa5ce685f6.webp	img/c43b97e67843e5a5.jpg	10822	600x450
https://cdn.higgsfield.ai/minimax_hailuo_motion/04e1c2c7-a713-4564-88c6-5c0ab2ea3135.webp	img/be74e4d2df2d0f25.jpg	21088	600x800
https://cdn.higgsfield.ai/minimax_hailuo_motion/05265ace-9cec-408f-ae0d-c5534975e722.webp	img/64bbc89c09857029.jpg	11940	600x800
https://cdn.higgsfield.ai/minimax_hailuo_motion/073b9259-6de6-4fb8-b1fa-d37913ef4c28.webp	img/2434ac0daa1c0db6.jpg	18666	600x800
https://cdn.higgsfield.ai/minimax_hailuo_motion/0972a1c1-7167-41c5-aa68-a6a682912921.webp	img/823288f5997a9cf7.jpg	28048	600x800
https://cdn.higgsfield.ai/minimax_hailuo_motion/0b67cbfe-c9e5-40bc-8489-cb3e887da2de.webp	img/0fb79c56bd5eb168.jpg	14534	600x450
https://cdn.higgsfield.ai/minimax_hailuo_motion/0c402e52-4b74-4bf2-9af3-2ad756003d01.webp	img/fbc768aa315bd31a.jpg	18262	600x800
https://cdn.higgsfield.ai/minimax_hailuo_motion/105f17a5-f992-4fcd-ac17-5ab347a7f161.webp	img/7395a37cb5e096da.jpg	18164	600x800
https://cdn.higgsfield.ai/minimax_hailuo_motion/12c3d661-1a2c-4ed6-8459-4f818172915c.webp	img/56047ad19721cea1.jpg	6112	600x900
https://cdn.higgsfield.ai/minimax_hailuo_motion/0c91a255-e5a8-4fe1-8a81-ead0bc9eb46a.webp	img/aff61d535648abec.jpg	34116	600x900
https://cdn.higgsfield.ai/minimax_hailuo_motion/10fb2861-0724-4950-8513-7c52c0ee1906.webp	img/3f65acc1b458f7f3.jpg	26642	600x800
https://cdn.higgsfield.ai/minimax_hailuo_motion/161c7a75-1934-43a8-88e8-a6947928463d.webp	img/4b38306cc88f4cea.jpg	11742	600x338
https://cdn.higgsfield.ai/minimax_hailuo_motion/13127d34-5cea-4b17-ba3b-4738a6dc3eeb.webp	img/ec881a7210944f45.jpg	16756	600x800
https://cdn.higgsfield.ai/minimax_hailuo_motion/15589ac8-a522-4d8b-b1e8-f77dd0332f4a.webp	img/70b1f78c9f91507d.jpg	13748	600x798
https://cdn.higgsfield.ai/minimax_hailuo_motion/19ecfa7f-f24e-4805-a988-5ef481f13ceb.webp	img/f1c04dbb329554e3.jpg	29726	600x900
https://cdn.higgsfield.ai/minimax_hailuo_motion/1b2b1dde-a2db-469b-849e-055f6dd06e04.webp	img/b5d05a0ad1ba9020.jpg	12488	600x798
https://cdn.higgsfield.ai/minimax_hailuo_motion/1e876d6f-78b4-49a5-946e-4bea1d9d26ce.webp	img/f411dd593d6fc4cd.jpg	26732	600x800
https://cdn.higgsfield.ai/minimax_hailuo_motion/1c86a0fb-1811-4d27-becb-517b407bdf7a.webp	img/794b3414aa93e58a.jpg	31266	600x800
https://cdn.higgsfield.ai/minimax_hailuo_motion/2759e47e-0f59-4993-91f3-129bbbd18980.webp	img/de362b1a5059eb57.jpg	13652	600x800
https://cdn.higgsfield.ai/minimax_hailuo_motion/1687ae97-0449-4e34-90f7-b1a1ade10da9.webp	img/5c387306bf134403.jpg	10282	600x338
https://cdn.higgsfield.ai/minimax_hailuo_motion/21bdf05b-ef3d-4692-9f4b-9367388a4160.webp	img/db1afb272f1e6ba4.jpg	9894	600x400
https://cdn.higgsfield.ai/minimax_hailuo_motion/238534d8-050b-44f5-96be-08f6fc2a2826.webp	img/e2c81912627ef0bc.jpg	13842	600x800
https://cdn.higgsfield.ai/minimax_hailuo_motion/27c59436-7cad-4442-94d5-b92a1417fde7.webp	img/45424c8cdcdb7181.jpg	8952	600x800
https://cdn.higgsfield.ai/minimax_hailuo_motion/29c5b2b9-bc24-4927-ac8a-9ec838bc507f.webp	img/73c2f3915e3f3013.jpg	43016	600x800
https://cdn.higgsfield.ai/minimax_hailuo_motion/2dae82a2-11aa-455e-8225-2540bb95a760.webp	img/5d95e225e473c071.jpg	30240	600x798
https://cdn.higgsfield.ai/minimax_hailuo_motion/2deff546-9632-49ca-8be7-836b639fc006.webp	img/d5377c3f97e64db3.jpg	38028	600x900
https://cdn.higgsfield.ai/minimax_hailuo_motion/2d80d680-b488-45a7-b442-b4fe247d0809.webp	img/110f6ec96b895d18.jpg	37326	600x600
https://cdn.higgsfield.ai/minimax_hailuo_motion/281a6a85-2622-41fa-839d-9ff729f163e4.webp	img/b8b78784598a4a82.jpg	33856	600x798
https://cdn.higgsfield.ai/minimax_hailuo_motion/2bf04bd9-f5d4-4f63-996b-d17c20c5c88e.webp	img/b1bd9d90a4127aca.jpg	42360	600x798
https://cdn.higgsfield.ai/minimax_hailuo_motion/34161db6-f7c7-4ded-8de7-4236f39fd2d3.webp	img/5a44b97bbb349fe6.jpg	30392	600x800
https://cdn.higgsfield.ai/minimax_hailuo_motion/2eee10b8-494e-413e-a52e-51cbda20ef7c.webp	img/b1b04b7f1325fcaa.jpg	28016	600x900
https://cdn.higgsfield.ai/minimax_hailuo_motion/2d4204e2-87c4-4f52-80f5-f28de132ddcd.webp	img/3b6278e179a8975d.jpg	14310	600x800
https://cdn.higgsfield.ai/minimax_hailuo_motion/341da7d1-fc50-477c-840a-57713219701f.webp	img/abf2cd67751907eb.jpg	18108	600x800
https://cdn.higgsfield.ai/minimax_hailuo_motion/34d32ae2-fa8e-4579-8315-71dbe884dba0.webp	img/68af9c6fc0fb3a0b.jpg	19758	600x800
https://cdn.higgsfield.ai/minimax_hailuo_motion/3502f7e4-3f30-41af-b1af-062b916d55fb.webp	img/1ad003ec22ea2d59.jpg	7864	600x800
https://cdn.higgsfield.ai/minimax_hailuo_motion/3d561eb0-6e69-4196-927b-7ed3a1cc3f12.webp	img/23d5c79dee65b82d.jpg	21600	600x900
https://cdn.higgsfield.ai/minimax_hailuo_motion/3eca335e-d486-4f83-8f6c-f89635190a42.webp	img/cead7a0d98ac39d1.jpg	19856	600x900
https://cdn.higgsfield.ai/minimax_hailuo_motion/3c3cc250-ad8b-46f0-86fe-68d441bd0d7e.webp	img/b83787612cd5f6be.jpg	13348	600x450
https://cdn.higgsfield.ai/minimax_hailuo_motion/4128c8c9-7137-4708-840f-6908a77e7c91.webp	img/53d31bdf8daad62a.jpg	27090	600x800
https://cdn.higgsfield.ai/minimax_hailuo_motion/3ecf3c82-ff5e-4f2b-8480-7552e79a7743.webp	img/4bdb3234086d3eba.jpg	30528	600x900
https://cdn.higgsfield.ai/minimax_hailuo_motion/437a1f92-5aa4-43f5-8d2f-7cee7611793b.webp	img/68a37dc9c3ff4dce.jpg	12892	600x800
https://cdn.higgsfield.ai/minimax_hailuo_motion/417995fe-150f-4b4a-a80e-a9263629e9e6.webp	img/ea0072421826a2f0.jpg	18212	600x900
https://cdn.higgsfield.ai/minimax_hailuo_motion/449f6d8f-399c-4bab-92df-5bf90c6de4de.webp	img/3c8c3816645224c9.jpg	13748	600x798
https://cdn.higgsfield.ai/minimax_hailuo_motion/451566dc-b5b9-4832-9af1-aef4cc71c937.webp	img/8a10a8ee2f7a14e6.jpg	16988	600x900
https://cdn.higgsfield.ai/minimax_hailuo_motion/4592288e-796b-4a4f-bc35-9eb604abaa8f.webp	img/aa8327c27d132097.jpg	8924	600x450
https://cdn.higgsfield.ai/minimax_hailuo_motion/49746c31-f221-4436-8f41-f97fa763afba.webp	img/c79ae3b5404be03d.jpg	19648	600x800
https://cdn.higgsfield.ai/minimax_hailuo_motion/4975828e-ceac-4488-a063-08bf12aff41a.webp	img/ee46614982e93c5c.jpg	18282	600x800
https://cdn.higgsfield.ai/minimax_hailuo_motion/49c07127-c2fd-4317-a5c0-582d2b2304eb.webp	img/4449cd50abd69519.jpg	4620	600x438
https://cdn.higgsfield.ai/minimax_hailuo_motion/475bf7b4-8fb6-45f0-a41e-544f7d370d1c.webp	img/b6c3035ebf40c9a3.jpg	15024	600x450
https://cdn.higgsfield.ai/minimax_hailuo_motion/4b0e0b54-3762-43c9-b4b1-5dfc3ee543ef.webp	img/1694e86763125dd4.jpg	11032	600x800
https://cdn.higgsfield.ai/minimax_hailuo_motion/4c49d2be-89e7-4dad-b567-f9d89f43a68d.webp	img/ea5beef180160a1c.jpg	22584	600x800
https://cdn.higgsfield.ai/minimax_hailuo_motion/4f089fa0-6cf3-4e45-bcb5-55e6bf85fa1e.webp	img/25853bddf8a316ad.jpg	19352	600x800
https://cdn.higgsfield.ai/minimax_hailuo_motion/4f5b7485-506d-44a7-adda-edb1acb51746.webp	img/03b0ecae51cf41f4.jpg	19746	600x800
https://cdn.higgsfield.ai/minimax_hailuo_motion/52096e6b-4cbf-4644-a1e9-f4f65174f09c.webp	img/014c9e0fb9832154.jpg	28248	600x900
https://cdn.higgsfield.ai/minimax_hailuo_motion/4f66b396-054d-4f1e-8622-087caabc26de.webp	img/c4db2d6fd7d34b7e.jpg	14860	600x450
https://cdn.higgsfield.ai/minimax_hailuo_motion/5d6bd428-02ec-4e49-b511-35d0c0365d70.webp	img/e5301765eaa844d6.jpg	19012	600x904
https://cdn.higgsfield.ai/minimax_hailuo_motion/5e26b244-3c0b-4d48-a5a8-8c6c9ea6e0f6.webp	img/c1e17f2bb87f4147.jpg	27200	600x800
https://cdn.higgsfield.ai/minimax_hailuo_motion/669a8a64-962d-497f-b481-575144f456ea.webp	img/7f2c45472b8086dc.jpg	25958	600x900
https://cdn.higgsfield.ai/minimax_hailuo_motion/66540810-2984-4c34-ad40-174055093e4e.webp	img/b9afd0055e8c29c0.jpg	29698	600x900
https://cdn.higgsfield.ai/minimax_hailuo_motion/564113e2-c853-4627-b540-d95975ae4a94.webp	img/6d328c624a0ecbe2.jpg	17174	600x450
https://cdn.higgsfield.ai/minimax_hailuo_motion/690818a9-4a30-48f6-842a-a66cc4ba25f0.webp	img/643937f11416c3a8.jpg	1824	600x450
https://cdn.higgsfield.ai/minimax_hailuo_motion/6a6376ff-4275-478d-b8f3-e94c85773524.webp	img/3b8fcda098837697.jpg	19068	600x800
https://cdn.higgsfield.ai/minimax_hailuo_motion/6a385b26-3667-4ed3-992b-ab7fc4b2afc4.webp	img/9244d739aedb13fd.jpg	25524	600x798
https://cdn.higgsfield.ai/minimax_hailuo_motion/691adc13-ee7c-4a7a-a93a-90b1da39d86f.webp	img/33ad6f29c204208c.jpg	22516	600x800
https://cdn.higgsfield.ai/minimax_hailuo_motion/6d50d653-aec0-49b0-8cf8-90e59eab0a4a.webp	img/007bcf4e762cf4b3.jpg	8468	600x600
https://cdn.higgsfield.ai/minimax_hailuo_motion/67b4cbad-0ae6-431e-a162-47c34d848402.webp	img/bf6590b3aad53e88.jpg	30268	600x800
https://cdn.higgsfield.ai/minimax_hailuo_motion/70ae2e45-c34d-4a2a-ad31-8471bb966707.webp	img/4d9efcc76a8338a5.jpg	10340	600x400
https://cdn.higgsfield.ai/minimax_hailuo_motion/70c0f591-e13c-46a8-9efc-af1ac8a42a84.webp	img/771e5fb7d5344499.jpg	27148	600x600
https://cdn.higgsfield.ai/minimax_hailuo_motion/6fe31c0a-48a8-4065-aa50-f43c303f54a0.webp	img/34aec35e17eeb063.jpg	24216	600x900
https://cdn.higgsfield.ai/minimax_hailuo_motion/72391f0f-d297-4fdb-8161-05362de16f42.webp	img/dddbb44b63bf6636.jpg	38112	600x800
https://cdn.higgsfield.ai/minimax_hailuo_motion/73303c06-75b5-4f55-9acd-5b0c50d18a58.webp	img/5ef9801af0fc1a14.jpg	19964	600x450
https://cdn.higgsfield.ai/minimax_hailuo_motion/723ab0a8-c939-4c37-b118-25c4553ca9d5.webp	img/460dfac36e598332.jpg	27730	600x800
https://cdn.higgsfield.ai/minimax_hailuo_motion/7dd60475-e887-4dbe-b129-e0956727ceb0.webp	img/0d4108076e04dfe0.jpg	25056	600x800
https://cdn.higgsfield.ai/minimax_hailuo_motion/7e573900-1733-4fe1-90e7-208e257ff62e.webp	img/3d482471ec30a805.jpg	29536	600x800
https://cdn.higgsfield.ai/minimax_hailuo_motion/82dc1760-5720-406a-8a0f-01da3b3e119e.webp	img/26b198ff2ebc1a9b.jpg	33708	600x900
https://cdn.higgsfield.ai/minimax_hailuo_motion/82c146d5-da61-4025-8056-611c03f97354.webp	img/cda8ab64cb5c556f.jpg	30110	600x800
https://cdn.higgsfield.ai/minimax_hailuo_motion/84cd8479-c4bf-44c8-88d7-8d12506c889d.webp	img/8c1a662b8ae09b93.jpg	13828	600x800
https://cdn.higgsfield.ai/minimax_hailuo_motion/7364df9a-24b5-4ee1-a888-2ef292cff3fd.webp	img/47fa394eec5fab46.jpg	18690	600x800
https://cdn.higgsfield.ai/minimax_hailuo_motion/841f72c6-f3c3-436f-b401-073c3311a4bd.webp	img/a92476d2198342d0.jpg	5868	600x800
https://cdn.higgsfield.ai/minimax_hailuo_motion/8433ce64-3cbf-46f5-8120-b242119f2924.webp	img/6fc5717e51d2bda6.jpg	14380	600x800
https://cdn.higgsfield.ai/minimax_hailuo_motion/88c2445f-d49c-4cd9-89a6-736ce002f558.webp	img/b5e9fc71f1b6f78e.jpg	25634	600x450
https://cdn.higgsfield.ai/minimax_hailuo_motion/91aab6e4-ece2-43ce-9e7a-7e33b4ecf9dc.webp	img/0d4319292ae58c3f.jpg	20628	600x798
https://cdn.higgsfield.ai/minimax_hailuo_motion/89e88f44-e065-4037-830d-12bbde75fd09.webp	img/f76faabfc044b035.jpg	17348	600x798
https://cdn.higgsfield.ai/minimax_hailuo_motion/915f2fd8-990a-48d4-9bf2-51cf4c695b86.webp	img/275d1d62def8c1bf.jpg	26246	600x800
https://cdn.higgsfield.ai/minimax_hailuo_motion/9448c9a5-c9ba-44aa-988d-2a574b22cb37.webp	img/d31ad25be831f88f.jpg	6956	600x450
https://cdn.higgsfield.ai/minimax_hailuo_motion/8556c5d1-b7ef-4cab-a164-31308d5c9a0b.webp	img/1312361388045c99.jpg	15398	600x450
https://cdn.higgsfield.ai/minimax_hailuo_motion/95c3d330-f9d7-4f27-9e11-95b762ff23f6.webp	img/45e8a691e0252874.jpg	21944	600x450
https://cdn.higgsfield.ai/minimax_hailuo_motion/9c36c977-4863-4d69-94f1-0bdb3aff0d27.webp	img/c1209bd70c8fe9b6.jpg	12770	600x600
https://cdn.higgsfield.ai/minimax_hailuo_motion/9c60a1be-c225-44d8-84df-74cc0dd18830.webp	img/41780df461fef62b.jpg	14560	600x800
https://cdn.higgsfield.ai/minimax_hailuo_motion/96c4357b-dd26-440b-b93e-020e1f3fe16f.webp	img/ef57998f8058c09f.jpg	12716	600x800
https://cdn.higgsfield.ai/minimax_hailuo_motion/9c69188c-1009-40a1-a467-c5115eeb1b53.webp	img/425e95920956a9a3.jpg	17510	600x800
https://cdn.higgsfield.ai/minimax_hailuo_motion/a59db856-a78d-4a7b-9c82-fb9bd8c9e82b.webp	img/d10cfbb9e1789dc4.jpg	6786	600x400
https://cdn.higgsfield.ai/minimax_hailuo_motion/9c973155-d260-4543-ad9e-410c17e3655d.webp	img/3fe6c356538bcb42.jpg	61186	600x800
https://cdn.higgsfield.ai/minimax_hailuo_motion/a6306d34-9fd0-4bb0-9d97-060cfa959588.webp	img/9a4c8160ba4668ed.jpg	30154	600x798
https://cdn.higgsfield.ai/minimax_hailuo_motion/a99599bf-f682-4442-a348-449981e9ec94.webp	img/11126ce8ee4277af.jpg	14346	600x800
https://cdn.higgsfield.ai/minimax_hailuo_motion/a8eddea9-a988-43b1-8c45-8afa990f423b.webp	img/e0cbe0555dc964d6.jpg	24764	600x1066
https://cdn.higgsfield.ai/minimax_hailuo_motion/ad6c8fd4-3e15-458f-904a-281243ed2a2c.webp	img/21a6308f758f9d9b.jpg	24488	600x900
https://cdn.higgsfield.ai/minimax_hailuo_motion/b0ec8a48-928a-41f2-b072-bce8ed6de60e.webp	img/0233bcc147aa2eb8.jpg	15986	600x400
https://cdn.higgsfield.ai/minimax_hailuo_motion/b6038f84-0a58-4d05-9f7d-c7e96e2d6bff.webp	img/72f45983bbd6752d.jpg	16148	600x800
https://cdn.higgsfield.ai/minimax_hailuo_motion/b8490053-bb11-4af1-8128-1072fa0e6f83.webp	img/fd2805546f2f84c8.jpg	8694	600x450
https://cdn.higgsfield.ai/minimax_hailuo_motion/b8d622f6-573e-43cc-bf23-988420fbd08a.webp	img/b2db80c5d48e8d05.jpg	26936	600x798
https://cdn.higgsfield.ai/minimax_hailuo_motion/bc2ef60a-cbaa-4367-8461-59bfd0404f2b.webp	img/7542ba6513f4720a.jpg	14492	600x800
https://cdn.higgsfield.ai/minimax_hailuo_motion/b9c8fb92-490b-4bb8-ab6d-fc030df6298f.webp	img/9774a3d12547ffba.jpg	11094	600x800
https://cdn.higgsfield.ai/minimax_hailuo_motion/c4e00fc0-c038-4a79-bc7e-4426fc4b1bdd.webp	img/5dbdc7da2fead510.jpg	59816	600x798
https://cdn.higgsfield.ai/minimax_hailuo_motion/c209e4e6-0585-4ee0-806b-a68ef708421a.webp	img/507e96c74cbba751.jpg	27280	600x800
https://cdn.higgsfield.ai/minimax_hailuo_motion/a9a42a3e-5f91-467c-9aa2-99e02da4a171.webp	img/62444c2aa3c4d61d.jpg	15244	600x822
https://cdn.higgsfield.ai/minimax_hailuo_motion/c6976ea0-9e12-4e99-9fa8-ef4665571a23.webp	img/23ffa5f30856d7f8.jpg	11794	600x600
https://cdn.higgsfield.ai/minimax_hailuo_motion/c8560c04-3b8b-452b-a7e4-5e47a29c54f6.webp	img/32ea1d9007af064a.jpg	26776	600x800
https://cdn.higgsfield.ai/minimax_hailuo_motion/c910e446-5ccd-4f6d-9af5-ce95d6fa3b50.webp	img/da5d4b4b809e86a4.jpg	14464	600x338
https://cdn.higgsfield.ai/minimax_hailuo_motion/c8b6ec84-79a3-4088-9995-c514c7e2ad74.webp	img/01f7b48cd8fc229a.jpg	33014	600x800
https://cdn.higgsfield.ai/minimax_hailuo_motion/cf327d36-9f81-42f7-b301-6a73c6f71236.webp	img/11da33ef4f3c85ff.jpg	40500	600x800
https://cdn.higgsfield.ai/minimax_hailuo_motion/c695c449-e61c-4354-93cc-cd2f72bc8748.webp	img/d9d602266dc2a3ef.jpg	31838	600x900
https://cdn.higgsfield.ai/minimax_hailuo_motion/c97d2f5b-5880-455e-8091-96045e1fd389.webp	img/648e0cb04a806c79.jpg	20418	600x800
https://cdn.higgsfield.ai/minimax_hailuo_motion/d0a119da-8ea7-434f-9c83-0d7fadefbeb2.webp	img/797d437f7f35f20c.jpg	27730	600x800
https://cdn.higgsfield.ai/minimax_hailuo_motion/d773050d-9e49-4e2c-8e05-77645c979520.webp	img/ca9e2e23f0ef46c3.jpg	13800	600x800
https://cdn.higgsfield.ai/minimax_hailuo_motion/cfb13df9-f886-45bb-949d-4c687df1b9e9.webp	img/550d5e8a4c4dbccd.jpg	29294	600x800
https://cdn.higgsfield.ai/minimax_hailuo_motion/d389d024-1a8d-4f71-b887-af4cdc5985ed.webp	img/530caf1a7faac366.jpg	19746	600x800
https://cdn.higgsfield.ai/minimax_hailuo_motion/d9aa8e42-4542-4db3-b99f-8ae0d403a635.webp	img/86cc3746c2824427.jpg	14900	600x450
https://cdn.higgsfield.ai/minimax_hailuo_motion/da05c743-9caf-470d-9801-0e331716d5f2.webp	img/89f058416c6650b6.jpg	8064	600x400
https://cdn.higgsfield.ai/minimax_hailuo_motion/d9f6baf1-07ee-40ac-886f-e35dbb7e67bf.webp	img/34dcf31ee6b54fa1.jpg	16954	600x800
https://cdn.higgsfield.ai/minimax_hailuo_motion/d159caa4-ba70-4faa-9cd0-1bc00400be9d.webp	img/a5d191a409b2e871.jpg	13376	600x748
https://cdn.higgsfield.ai/minimax_hailuo_motion/dc71ef46-008f-44e3-a8d9-f99b8d3548ee.webp	img/2c14aac984edb017.jpg	12566	600x600
https://cdn.higgsfield.ai/minimax_hailuo_motion/dce0fcdb-e37f-40ee-958c-b55eb5bff88f.webp	img/d2fce6e602c1f675.jpg	19732	600x798
https://cdn.higgsfield.ai/minimax_hailuo_motion/dcec0280-81b5-4613-a1fd-b39483943525.webp	img/734d69cf79662ff1.jpg	29770	600x798
https://cdn.higgsfield.ai/minimax_hailuo_motion/dbcd0c75-1e02-418a-9f1a-445cdc686431.webp	img/6624472f6c3870a6.jpg	15960	600x600
https://cdn.higgsfield.ai/minimax_hailuo_motion/ddd42c69-f859-4d1f-bf76-68e3bc570dd3.webp	img/bec024d3e6485584.jpg	18754	600x450
https://cdn.higgsfield.ai/minimax_hailuo_motion/df1a9dba-7cae-42d3-99a6-68c56ea7fc1c.webp	img/013e1f0ef6c60e67.jpg	25600	600x800
https://cdn.higgsfield.ai/minimax_hailuo_motion/deae51f3-e679-44ac-92f7-4287f41af384.webp	img/d3733535048d0703.jpg	26876	600x800
https://cdn.higgsfield.ai/minimax_hailuo_motion/e09aa8e9-3f85-4d14-8c2d-4bc33259d3ea.webp	img/99763bbd92bea632.jpg	28634	600x798
https://cdn.higgsfield.ai/minimax_hailuo_motion/e1edde73-3710-47dd-8a5d-424f212054d0.webp	img/ee848f4147c2e384.jpg	24244	600x800
https://cdn.higgsfield.ai/minimax_hailuo_motion/e5f0ebef-3c8d-490c-bd5e-82ac733f7e55.webp	img/bcda05bbd3778781.jpg	41128	600x800
https://cdn.higgsfield.ai/minimax_hailuo_motion/e0efa67a-5665-4b49-acdc-ed8ee9073a52.webp	img/87b253e442809196.jpg	21076	600x900
https://cdn.higgsfield.ai/minimax_hailuo_motion/ea70e7cc-4209-43c5-9954-bf13c5ac6f77.webp	img/a8d0c06030cfe053.jpg	17894	600x800
https://cdn.higgsfield.ai/minimax_hailuo_motion/e9a28fcc-e102-4dc9-8928-9166c51ebc86.webp	img/55dd37dbfb09e48b.jpg	18526	600x798
https://cdn.higgsfield.ai/minimax_hailuo_motion/ed316e7c-b598-4744-91cb-b4c0da090acd.webp	img/2ac7b1f8f9bbecb5.jpg	29242	600x800
https://cdn.higgsfield.ai/minimax_hailuo_motion/ea86bc73-2c05-471e-a300-80519b6807c1.webp	img/f79831cc1fe118bc.jpg	15638	600x900
https://cdn.higgsfield.ai/minimax_hailuo_motion/ef097e15-4e4c-44f5-bddf-d23cf558bdb8.webp	img/92bf5c9518bf8c8d.jpg	5388	600x400
https://cdn.higgsfield.ai/minimax_hailuo_motion/eee2f734-52a1-4a8a-908e-deb0c2293cac.webp	img/286ae0caa0177f5b.jpg	30928	600x800
https://cdn.higgsfield.ai/minimax_hailuo_motion/ee6b3270-dbee-40a3-8e5d-7f143d64d873.webp	img/052c05f192f34302.jpg	2922	600x800
https://cdn.higgsfield.ai/minimax_hailuo_motion/f25cbc9e-eeb5-4597-8b96-bfb76974d373.webp	img/6d98701e073e5f86.jpg	9206	600x800
https://cdn.higgsfield.ai/minimax_hailuo_motion/f5a3dc7c-fb64-49f1-b11c-ed6fcfc45451.webp	img/d430f9d338e8a581.jpg	22140	600x900
https://cdn.higgsfield.ai/minimax_hailuo_motion/f06de7d5-26f2-4864-9837-875f82b7793f.webp	img/2c9177ded2b7bded.jpg	28152	600x798
https://cdn.higgsfield.ai/minimax_hailuo_motion/f9493442-5c94-455f-8480-33a873a2107a.webp	img/1b321d07e31aa40b.jpg	18758	600x800
https://cdn.higgsfield.ai/minimax_hailuo_motion/f8666a2c-baee-4516-b690-18a5617ae24b.webp	img/4c78dd009f860ccf.jpg	29770	600x798
https://cdn.higgsfield.ai/minimax_hailuo_motion/f98d97d8-3352-4d91-a325-e2ccdf44321d.webp	img/757228d4992a01de.jpg	21296	600x800
https://cdn.higgsfield.ai/minimax_hailuo_motion/f994c7df-0060-4835-8d29-39340f9ade71.webp	img/c8944137c6deac26.jpg	9922	600x900
https://cdn.higgsfield.ai/minimax_hailuo_motion/faef8acb-23ef-4ba6-b987-67aae111d72f.webp	img/7226f8e195cb7ac6.jpg	8362	600x450
https://cdn.higgsfield.ai/minimax_hailuo_motion/fa6202a9-199a-43f7-ac8e-dfb6849c98c0.webp	img/253875c05467cebf.jpg	18382	600x800
https://cdn.higgsfield.ai/minimax_hailuo_motion/fb8dceed-7c0b-4843-b4ec-99cc8bd18ffb.webp	img/9ffa176dfa788db8.jpg	29262	600x450
https://cdn.higgsfield.ai/minimax_hailuo_motion/fb151122-bac7-4d17-a03c-6111aaa758b8.webp	img/ae0bffe72831db14.jpg	16510	600x800
https://cdn.higgsfield.ai/minimax_hailuo_motion/fcaf8b0f-1e9e-4d0f-89ab-6d9fa1f82f9e.webp	img/654b191c6d7156c4.jpg	9436	600x800
https://cdn.higgsfield.ai/minimax_hailuo_motion/fd904f40-a0d5-4164-87cc-9f124c2af2bd.webp	img/e090a755d3567e89.jpg	25270	600x450
https://cdn.higgsfield.ai/minimax_hailuo_motion/feda6f7f-eeef-4403-b196-b1bf226f3ddd.webp	img/3ea0b27d91b75d0c.jpg	17166	600x800
https://cdn.higgsfield.ai/mixed_media_preset/00006660-8b5e-426a-ad0e-51b02c8c14f7.webp	img/321ec964b66b9546.jpg	63448	1200x670
https://cdn.higgsfield.ai/mixed_media_preset/03511e0e-cf56-44fe-ad6c-bf0dd128573f.webp	img/4be2ea3e8450a73e.jpg	15406	1200x670
https://cdn.higgsfield.ai/mixed_media_preset/08178a2a-f0bf-4f95-b5ae-8e48fc8015e0.webp	img/a3d1b538098d4805.jpg	36436	1200x670
https://cdn.higgsfield.ai/mixed_media_preset/20b71097-a115-42b8-b767-35ba25492431.webp	img/6263a75dc254207b.jpg	29700	1200x670
https://cdn.higgsfield.ai/mixed_media_preset/2553e368-e35c-4d9f-8b38-d670d94bad62.webp	img/858fc7359401dd79.jpg	104268	1200x670
https://cdn.higgsfield.ai/mixed_media_preset/085d575a-d734-460f-a932-a45f88639c29.webp	img/f5ed1d5e2ced126e.jpg	2512694	1200x670
https://cdn.higgsfield.ai/mixed_media_preset/2d4a39c0-21e4-48b8-90ed-83f29598f90c.webp	img/3a5e58306f883802.jpg	40058	1200x670
https://cdn.higgsfield.ai/mixed_media_preset/097b4dcb-ed44-4846-9557-67e709626b9b.webp	img/abefa78d5d75aa66.jpg	22686	1200x670
https://cdn.higgsfield.ai/mixed_media_preset/06c621a6-080e-46dc-8ccf-f97f3ba4f46b.webp	img/3373bffb10191d7d.jpg	4096082	1200x670
https://cdn.higgsfield.ai/mixed_media_preset/2e59b4fc-9a29-4ddb-81f8-4328a86711d1.webp	img/f5e4f0b320eb515b.jpg	610566	1200x670
https://cdn.higgsfield.ai/mixed_media_preset/2dd9cb44-50cb-4778-9ab1-34d3ded303a7.webp	img/8fb426ccbd6f78db.jpg	2097310	1200x662
https://cdn.higgsfield.ai/mixed_media_preset/2b2eb029-8849-41d9-8b8e-0cf7429a5669.webp	img/f2f2012e37215e80.jpg	1613000	1200x662
https://cdn.higgsfield.ai/mixed_media_preset/3792173a-6073-43ac-bffb-22cda9ffa9a0.webp	img/b9c0af30d7f46011.jpg	75742	1200x670
https://cdn.higgsfield.ai/mixed_media_preset/352add22-1d8c-4c17-ab7b-2dac46d9db7b.webp	img/b43ca806285c731a.jpg	1009886	1200x670
https://cdn.higgsfield.ai/mixed_media_preset/2e418ad7-f76e-46c7-8c30-8702fee56a4b.webp	img/f58794fca0522657.jpg	790336	1200x670
https://cdn.higgsfield.ai/mixed_media_preset/41f316db-8201-4432-b986-ead4fa4e3ea4.webp	img/baae351b0df6ce7d.jpg	44316	1200x896
https://cdn.higgsfield.ai/mixed_media_preset/448e170c-1c61-4151-b897-fa57c2a4276d.webp	img/b53060f446bf39ee.jpg	48816	1200x670
https://cdn.higgsfield.ai/mixed_media_preset/44428da1-76f4-4454-b90c-2940562f3054.webp	img/7d20c0bc14296ab2.jpg	1503982	1200x670
https://cdn.higgsfield.ai/mixed_media_preset/3792c10f-b125-4917-8827-bfed0c2de657.webp	img/59bc3d5ebc715270.jpg	12745640	1200x670
https://cdn.higgsfield.ai/mixed_media_preset/4b7c53a9-935f-4349-9b1e-2249d7e8a604.webp	img/ea1ae74f1bb333e1.jpg	720782	1200x662
https://cdn.higgsfield.ai/mixed_media_preset/59ad84b2-f971-4432-a060-2113c0b9387a.webp	img/27758eabca02924c.jpg	22648	1200x670
https://cdn.higgsfield.ai/mixed_media_preset/4ffe07f7-5751-40f0-80e5-3756f4f34d61.webp	img/16db63db7e7444a6.jpg	4805238	1200x806
https://cdn.higgsfield.ai/mixed_media_preset/511241b1-0994-4a35-9d64-3cb347e3313f.webp	img/4e62cdfa4a8d9f03.jpg	6572078	1200x670
https://cdn.higgsfield.ai/mixed_media_preset/605f1de6-4922-4c7c-90c6-4a53c5a2a70e.webp	img/0f2f8e321f2811b4.jpg	1815650	1200x670
https://cdn.higgsfield.ai/mixed_media_preset/60cbd4f9-2c0d-4a79-9909-ce2d15705162.webp	img/1818e5b222024e38.jpg	1521660	1200x670
https://cdn.higgsfield.ai/mixed_media_preset/66c1b3e6-9468-468f-94cc-b5810e7dc385.webp	img/16220dc9caf1111d.jpg	1567578	1200x670
https://cdn.higgsfield.ai/mixed_media_preset/68998590-4bfd-413b-9b95-79305f33bbef.webp	img/cc6e1d97a7d34a75.jpg	3844434	1200x670
https://cdn.higgsfield.ai/mixed_media_preset/7a52a17e-75c5-4d69-b1d3-3e6c217369df.webp	img/6f8640d6784ffa57.jpg	41694	1200x670
https://cdn.higgsfield.ai/mixed_media_preset/74e4f171-3871-413c-8a37-b38cb48a39e6.webp	img/4a4629b99b6ebea5.jpg	2326742	1200x662
https://cdn.higgsfield.ai/mixed_media_preset/7c9692ba-9b67-4dfa-82c4-4d6f9483026a.webp	img/88c9ec2cc566df41.jpg	13766	1200x662
https://cdn.higgsfield.ai/mixed_media_preset/7ef545e5-b424-45cb-a812-990a2773602e.webp	img/a74e96d48801a3e0.jpg	108730	1200x670
https://cdn.higgsfield.ai/mixed_media_preset/812e4d6b-cb10-47ff-8c6f-942232a3b60b.webp	img/60105af14ea5e7b4.jpg	79970	1200x670
https://cdn.higgsfield.ai/mixed_media_preset/7c808642-4f51-4a48-b5e1-dfba47e99147.webp	img/affa0d9e35848831.jpg	1644642	1200x670
https://cdn.higgsfield.ai/mixed_media_preset/94ca24cf-0bc5-48da-9d70-461b0b83d93a.webp	img/893db4470d0be4f5.jpg	30330	1200x662
https://cdn.higgsfield.ai/mixed_media_preset/895a6470-4ed5-4ea2-af62-db4dc4db5864.webp	img/fb45cbb6a14a56fe.jpg	1531026	1200x896
https://cdn.higgsfield.ai/mixed_media_preset/897cd311-ed89-41e5-a070-e9f4fc0b5f6e.webp	img/226f670811bf0c88.jpg	1938112	1200x670
https://cdn.higgsfield.ai/mixed_media_preset/9f8407e6-7f75-405e-99e3-630164868262.webp	img/6af27920588e7922.jpg	88198	1200x670
https://cdn.higgsfield.ai/mixed_media_preset/8376156c-dd55-4321-b3af-5f808eb71b8f.webp	img/2b65db9b4f062ee6.jpg	53176	1200x670
https://cdn.higgsfield.ai/mixed_media_preset/93e3a48a-f97a-4291-92da-8d629e0eaf8e.webp	img/826a5bf0a6806bea.jpg	6256462	1200x670
https://cdn.higgsfield.ai/mixed_media_preset/99613fa3-117b-4931-a0a8-8eca76ebed65.webp	img/d53c5559fc7c207f.jpg	1658548	1200x670
https://cdn.higgsfield.ai/mixed_media_preset/a9a7aaa6-86ea-4cec-b454-8506de1e9c04.webp	img/bec3858f4403056a.jpg	31552	1200x662
https://cdn.higgsfield.ai/mixed_media_preset/a16ff2f4-1ec6-41e7-b64d-f61925d3b262.webp	img/52f894d3263f815d.jpg	77888	1200x670
https://cdn.higgsfield.ai/mixed_media_preset/b837742c-3354-4502-80af-fe0a415fb4f5.webp	img/287923a559043776.jpg	40484	1200x670
https://cdn.higgsfield.ai/mixed_media_preset/a3608aaa-f1c5-4574-9830-864294272510.webp	img/9ac8a4dfa68af107.jpg	3962038	1200x670
https://cdn.higgsfield.ai/mixed_media_preset/b4f73a91-8636-4b00-b4cd-f2d0a768d10b.webp	img/12fe17081d6b820d.jpg	4840782	1200x670
https://cdn.higgsfield.ai/mixed_media_preset/b8e1d24c-b389-4fe6-88c4-14a5e2bdcb32.webp	img/e177d956191239f7.jpg	36874	1200x670
https://cdn.higgsfield.ai/mixed_media_preset/bf57d2d1-1f10-4136-9199-ebfe44ff5f0f.webp	img/001c58ba53a57a6a.jpg	110014	1200x670
https://cdn.higgsfield.ai/mixed_media_preset/c09070e1-d568-4ea6-b7a1-406b5a8d9c39.webp	img/e88c05f7cbc37ca5.jpg	27384	1200x670
https://cdn.higgsfield.ai/mixed_media_preset/c054cfb5-0b35-4d43-9ac3-3ea9bc0f5a87.webp	img/30065f6e1061daaf.jpg	43758	1200x670
https://cdn.higgsfield.ai/mixed_media_preset/9fb84e9f-6bc3-4855-90db-0a8eac453604.webp	img/0bb4df38066f667a.jpg	3761368	1200x670
https://cdn.higgsfield.ai/mixed_media_preset/c66d942e-c319-42fe-b25b-eff342516df4.webp	img/cd0c92426dd23673.jpg	88120	1200x670
https://cdn.higgsfield.ai/mixed_media_preset/d6648ba5-8188-4842-ac68-e4356dd5f483.webp	img/0472ed86fc2b74df.jpg	33092	1200x670
https://cdn.higgsfield.ai/mixed_media_preset/c8e90697-7fdb-414d-84b2-839dd537be0c.webp	img/07ad3b74542be364.jpg	2325870	1200x670
https://cdn.higgsfield.ai/mixed_media_preset/cb2cd718-ac06-4324-a588-7ff0756c2231.webp	img/29fe1cf15073c1e9.jpg	2753914	1200x670
https://cdn.higgsfield.ai/mixed_media_preset/d1f27317-a3db-4000-98cd-527cfd6a66af.webp	img/83c364495b51c032.jpg	1433550	1200x670
https://cdn.higgsfield.ai/mixed_media_preset/e2ec7f9e-a599-4569-a1d7-4342da9479c3.webp	img/4ed8d6bfae7e7551.jpg	25480	1200x670
https://cdn.higgsfield.ai/mixed_media_preset/e030016e-2e12-4444-8c63-47d3213808aa.webp	img/c4849a2014671180.jpg	67838	1200x662
https://cdn.higgsfield.ai/mixed_media_preset/dd6f957f-f361-4b22-b7e8-2767df951fdd.webp	img/70885906f89f790f.jpg	4302162	1200x670
https://cdn.higgsfield.ai/mixed_media_preset/e208fbf0-fefa-4245-b2e7-9300b0d9e9a6.webp	img/29c46ccde63b7791.jpg	1789962	1200x670
https://cdn.higgsfield.ai/mixed_media_preset/e4f288a5-8d1a-4844-8958-80d3176d4b95.webp	img/6a44e1f546079253.jpg	101258	1200x806
https://cdn.higgsfield.ai/mixed_media_preset/e5426b50-caea-4e84-9ea0-275da7da373d.webp	img/8113ba97f4330d43.jpg	21842	1200x670
https://cdn.higgsfield.ai/mixed_media_preset/e8956394-cbd6-4e10-9491-899a9c993131.webp	img/2a576a4b9f9732d3.jpg	88632	1200x670
https://cdn.higgsfield.ai/mixed_media_preset_option/29fa10bf-be06-469c-8472-c2ea3f5565ea.webp	img/1d07d94c6b755521.jpg	88736	1080x607
https://cdn.higgsfield.ai/mixed_media_preset/f8ca594e-efee-4a94-b612-f11e9d5b1441.webp	img/8c68bb96a377aeb6.jpg	2194532	1200x670
https://cdn.higgsfield.ai/mixed_media_preset_option/2d2659dc-72a4-4a9b-a3b0-9c7585350d2a.webp	img/bc1e258ea0d0a620.jpg	91312	1080x595
https://cdn.higgsfield.ai/mixed_media_preset/fbb7b211-6463-4e48-a673-fb970cb7e353.webp	img/ca2f376b0b4786f5.jpg	3457132	1200x670
https://cdn.higgsfield.ai/mixed_media_preset_option/4e4f8f56-5488-4830-99b9-262e82e38a0a.webp	img/69b4f3f0da79baf4.jpg	165726	1080x595
https://cdn.higgsfield.ai/mixed_media_preset_option/557bfb9b-b7c2-45d0-9c70-21e6a069e9c5.webp	img/038f30bd0f9e0cf1.jpg	101924	1080x607
https://cdn.higgsfield.ai/mixed_media_preset_option/562336e7-ba79-4c88-8ec8-28022b3a64e0.webp	img/203d8d9f54b42538.jpg	70548	1080x607
https://cdn.higgsfield.ai/mixed_media_preset_option/2f498116-78dc-4bbc-9dd4-53c6718112ba.webp	img/4ce45f08be79fb52.jpg	32486	1080x595
https://cdn.higgsfield.ai/mixed_media_preset_option/5a68510e-c3ca-45e2-ad76-e075591893ca.webp	img/0c303988367679e6.jpg	197582	1080x607
https://cdn.higgsfield.ai/mixed_media_preset_option/74ea86d7-cd9d-471f-8824-f5b76dee894a.webp	img/4cdd362481099214.jpg	43838	1080x595
https://cdn.higgsfield.ai/mixed_media_preset_option/8e9da5ff-e0af-4d11-9508-e6e45725d8c0.webp	img/0e2fb48394d81138.jpg	171002	1080x602
https://cdn.higgsfield.ai/mixed_media_preset_option/98bde39b-7a8f-43b3-bf06-59905edca335.webp	img/28891f38d322310e.jpg	206480	1080x607
https://cdn.higgsfield.ai/mixed_media_preset_option/aca2ee99-4fbb-4d2f-b87a-1d07a7660926.webp	img/9e41f74d7cc82de1.jpg	86560	1080x607
https://cdn.higgsfield.ai/mixed_media_preset_option/d33097ba-1c58-4756-b792-bc8245f4eaeb.webp	img/c54cfbb1c8702fd3.jpg	29476	1080x595
https://cdn.higgsfield.ai/mixed_media_preset_option/dad3f390-efcd-4f27-9602-7ad137bb979f.webp	img/d285560b19e3da81.jpg	125798	1080x607
https://cdn.higgsfield.ai/mixed_media_preset_option/d3c9b5b1-fb47-4342-9f9e-45f09949241b.webp	img/c9badc7d209c86ad.jpg	102612	1080x607
https://cdn.higgsfield.ai/mixed_media_preset_option/fffd56c0-1ab3-40b7-a45f-cb80a5a49249.webp	img/78b3857c20aec643.jpg	164140	1080x607
https://cdn.higgsfield.ai/mixed_media_preset_option/f0f09a0c-ef56-47e6-a68c-71c58727b072.webp	img/df9203c084e20823.jpg	287212	1080x607
https://cdn.higgsfield.ai/seedance_motion/0ee9f471-3d30-4cd6-86c0-79e1f9592f75.webp	img/96da62332e30b89e.jpg	21512	600x800
https://cdn.higgsfield.ai/seedance_motion/01065718-ef89-4081-bf28-4e299ddb9ec7.webp	img/151c6299acf0923e.jpg	25146	600x808
https://cdn.higgsfield.ai/seedance_motion/0a5f943a-3a2a-4e27-88e6-e012937d7fc9.webp	img/88de9593ca1f1675.jpg	9806	600x450
https://cdn.higgsfield.ai/seedance_motion/0fe22548-1d19-4bbf-b63f-5ef4edab5fb3.webp	img/a58fa793c58a3b46.jpg	9298	600x340
https://cdn.higgsfield.ai/seedance_motion/1c1f937f-4e27-4890-85b5-34902a36acd2.webp	img/cefd75f1d3caf5be.jpg	5558	600x450
https://cdn.higgsfield.ai/seedance_motion/2066409b-f9d8-4d4a-9efb-599c6196f6d4.webp	img/e7ceb1236f0eda21.jpg	20796	600x800
https://cdn.higgsfield.ai/seedance_motion/1ecc8b56-d13a-4b22-803e-fa21eb64c592.webp	img/3724690804fae302.jpg	35544	600x800
https://cdn.higgsfield.ai/seedance_motion/2c43c345-eaba-4321-806e-a83fb2caa085.webp	img/7c1cdae462f9fdfb.jpg	13484	600x444
https://cdn.higgsfield.ai/seedance_motion/36cfc009-4f91-42c0-9df6-6fc96b4a8f42.webp	img/018c3a76c91141e2.jpg	22192	600x800
https://cdn.higgsfield.ai/seedance_motion/32a4c267-0895-4d7d-9f02-ded8322e214d.webp	img/02c5a96834e28e96.jpg	17798	600x446
https://cdn.higgsfield.ai/seedance_motion/2abc19ed-f478-4617-8f2d-333843641427.webp	img/47cd125d82a00082.jpg	9458	600x446
https://cdn.higgsfield.ai/seedance_motion/3b7d4471-9d71-4885-86a1-2cecd7a40dfe.webp	img/9d1d58db31bb8c52.jpg	29910	600x800
https://cdn.higgsfield.ai/seedance_motion/4575cc52-ff91-4c96-929e-a7c81a798a37.webp	img/2ad8d3cb4758665c.jpg	7768	600x450
https://cdn.higgsfield.ai/seedance_motion/1e8a545d-628d-4b9a-8d73-62d980c7146f.webp	img/573e1843b2b6fff3.jpg	10144	600x800
https://cdn.higgsfield.ai/seedance_motion/48fdab80-d474-4011-9517-cf52402ed054.webp	img/40c1588ad0910ecc.jpg	23702	600x800
https://cdn.higgsfield.ai/seedance_motion/624e71b8-4a78-421c-8f79-06e52935343e.webp	img/2f5635091137db19.jpg	9712	600x800
https://cdn.higgsfield.ai/seedance_motion/603ae663-2dac-4f18-8d56-acee4dcb5968.webp	img/660458f662f09183.jpg	7182	600x340
https://cdn.higgsfield.ai/seedance_motion/68674652-6fce-4ca0-a365-4a3596d71194.webp	img/694a7d15feb750c1.jpg	14660	600x800
https://cdn.higgsfield.ai/seedance_motion/6d0e031b-754f-4f7c-9a1a-55b624d4a14f.webp	img/c82483b079fd4dbf.jpg	21636	600x450
https://cdn.higgsfield.ai/seedance_motion/4d7f39a5-f7a2-4547-8f33-9b6a3e0e24b2.webp	img/1d1da4ae4f3dcef9.jpg	26040	600x800
https://cdn.higgsfield.ai/seedance_motion/6eab398b-a34a-431b-93b7-8f5776bd40e0.webp	img/aa0f498f989004a7.jpg	18928	600x446
https://cdn.higgsfield.ai/seedance_motion/602b6bd1-b722-4945-922b-685f62104109.webp	img/18b901f275ed6041.jpg	19774	600x800
https://cdn.higgsfield.ai/seedance_motion/72cdc455-2482-49c2-bc1e-ca7c88529bc6.webp	img/e1a05e167ba15bdb.jpg	15278	600x446
https://cdn.higgsfield.ai/seedance_motion/76285434-bdb0-417a-bc03-8d670f548626.webp	img/2bef1cc9a4bff443.jpg	13862	600x800
https://cdn.higgsfield.ai/seedance_motion/70f29e68-ebd3-401d-90ab-93c3484103bb.webp	img/474bacce3917331a.jpg	22604	600x800
https://cdn.higgsfield.ai/seedance_motion/83b80776-f39a-433d-8c55-f6102c8ccd4f.webp	img/2e0cbfb001673d75.jpg	34120	600x800
https://cdn.higgsfield.ai/seedance_motion/88a315ac-a391-45dd-a241-dd93ef065dda.webp	img/76c0c45eb04c0159.jpg	13412	600x800
https://cdn.higgsfield.ai/seedance_motion/8a66f3a0-2572-4a91-99e6-06af0ca6681c.webp	img/a00b318d28bb4bab.jpg	15324	600x800
https://cdn.higgsfield.ai/seedance_motion/98c3c440-f136-494d-9438-6a0fccba25e5.webp	img/062fe0b2ad402e92.jpg	14916	600x800
https://cdn.higgsfield.ai/seedance_motion/9421dd67-6174-4651-850b-d447b30da219.webp	img/20dfcaa0f9a609e4.jpg	20196	600x446
https://cdn.higgsfield.ai/seedance_motion/93493aaa-13d9-4b1a-a097-b3f1c654ca2c.webp	img/6f4a49b73fa1de41.jpg	21752	600x800
https://cdn.higgsfield.ai/seedance_motion/9f6fdac0-a190-427d-b599-962247a9bd1e.webp	img/3eea2808fd5c543a.jpg	27094	600x800
https://cdn.higgsfield.ai/seedance_motion/a264c694-24d2-4625-8308-28d889b0d43c.webp	img/147d352054d292f1.jpg	7504	600x800
https://cdn.higgsfield.ai/seedance_motion/8d5a7208-018e-40ed-b3c5-68696f0ff7bd.webp	img/deac6bec7b98e4f3.jpg	26024	600x600
https://cdn.higgsfield.ai/seedance_motion/ae4f5a84-76f8-4694-8287-96221bb9464c.webp	img/7f79c7f8a569b6e8.jpg	31098	600x808
https://cdn.higgsfield.ai/seedance_motion/b7c0acc9-375d-4033-b99a-1d68d0f7b904.webp	img/f4826d90a95d37c7.jpg	4994	600x450
https://cdn.higgsfield.ai/seedance_motion/a1e63c67-bf74-48ea-8963-1e45b25da8b8.webp	img/b5fac99dcba74aa7.jpg	23392	600x800
https://cdn.higgsfield.ai/seedance_motion/b49bd864-9c08-415d-b226-38811b9b2c1e.webp	img/213a00d04b748602.jpg	21294	600x446
https://cdn.higgsfield.ai/seedance_motion/c6ce8564-5a9e-438e-aeab-083d06dfecf5.webp	img/b79feeab6f8f3d89.jpg	26204	600x800
https://cdn.higgsfield.ai/seedance_motion/b3c52b31-e99c-42c7-b8cc-e9a651ad4af3.webp	img/40c7958b16079592.jpg	32918	600x808
https://cdn.higgsfield.ai/seedance_motion/c83e3c00-113e-4181-8303-ec1bf43d42e0.webp	img/d8b01786fe73c3ce.jpg	21402	600x800
https://cdn.higgsfield.ai/seedance_motion/d0391007-2f2a-4408-aa72-3219f9600c2c.webp	img/2093b61029d0351b.jpg	16112	600x800
https://cdn.higgsfield.ai/seedance_motion/d94c8678-12c2-404d-aded-04a54ea1bfcd.webp	img/f6a1fc4e23ca1458.jpg	17524	600x446
https://cdn.higgsfield.ai/seedance_motion/e0a68850-fa4e-4083-bee0-d2180d8e915c.webp	img/33d2d392d388c2f4.jpg	24034	600x800
https://cdn.higgsfield.ai/seedance_motion/e672ff46-0166-431d-aa95-7bfaf4acf28a.webp	img/1d0b7f82b921a1ba.jpg	13484	600x800
https://cdn.higgsfield.ai/seedance_motion/e50e3014-78eb-4c7c-a211-39506fd45b56.webp	img/6e6d8e2ab6740b4c.jpg	22850	600x800
https://cdn.higgsfield.ai/seedance_motion/d83e8460-27a1-451c-a4b5-4c32469b343d.webp	img/4544559a49ffa831.jpg	9756	600x800
https://cdn.higgsfield.ai/soul-style/0139a8e4-eb76-474a-a13c-d764d38674d1.jpg	img/fca7e3a610a4e60a.jpg	6330	300x225
https://cdn.higgsfield.ai/seedance_motion/dccaba75-48c0-416b-992e-cc6e3415012b.webp	img/241d33bd1c4e1337.jpg	18622	600x446
https://cdn.higgsfield.ai/seedance_motion/fc26be96-f791-4531-8665-106fe0556172.webp	img/652f1b5a21a158c4.jpg	15166	600x800
https://cdn.higgsfield.ai/seedance_motion/f5a61483-ac10-4220-84d9-fe1595b5ea1f.webp	img/3e6e77718abb27be.jpg	28128	600x800
https://cdn.higgsfield.ai/soul-style/0f7a191d-93ea-40a5-ad16-ca2b85fdd753.jpg	img/b9cc93a138919953.jpg	4642	300x169
https://cdn.higgsfield.ai/soul-style/09c8a7e3-8194-46e8-807f-15cc03fdbbf7.webp	img/cedd804623e36092.jpg	18056	300x450
https://cdn.higgsfield.ai/soul-style/0e82377e-e3dd-48a8-94fd-04a4ed038be4.webp	img/7d041842ce4724d2.jpg	142958	500x750
https://cdn.higgsfield.ai/soul-style/12160548-47c0-4652-9e2e-3fc9fb413d47.webp	img/c52966792f82c468.jpg	9098	300x400
https://cdn.higgsfield.ai/soul-style/1d334a76-18b8-4d7e-9f77-1f3b5623d872.jpg	img/47fcf117ab74012b.jpg	4956	300x300
https://cdn.higgsfield.ai/soul-style/270b4eb1-e9b1-4909-9f5e-50ce99697cc6.jpg	img/79374d282114b514.jpg	4612	300x300
https://cdn.higgsfield.ai/soul-style/17e1f0f2-fbb0-4380-b5c9-e3e179f1f3a9.webp	img/d3e1dd31ea1771a1.jpg	99004	500x666
https://cdn.higgsfield.ai/soul-style/1c59f291-cf9d-45c1-92b0-53768f372d0e.webp	img/da9657506fd07d60.jpg	156278	500x666
https://cdn.higgsfield.ai/soul-style/35a6bbaa-4332-4537-8fce-28012da558be.jpg	img/a7b9abdee4472606.jpg	7472	300x225
https://cdn.higgsfield.ai/soul-style/293ed3aa-0d8e-4073-839a-d1698eafdf85.jpg	img/ada8351a70a7dfd9.jpg	8164	300x225
https://cdn.higgsfield.ai/soul-style/2c8e708f-9fef-498c-bf66-bebfd8452705.webp	img/f8632f00bb7e87d3.jpg	48392	500x500
https://cdn.higgsfield.ai/soul-style/2f0a3204-759e-446c-bac9-ce83605b6833.webp	img/2136ac7b33f1c4ea.jpg	170182	500x666
https://cdn.higgsfield.ai/soul-style/3a5a91b6-330d-407e-8b55-c3900a95f0db.jpg	img/1e74546b0b3eca9d.jpg	9002	300x400
https://cdn.higgsfield.ai/soul-style/3c0eb808-90bf-4c84-b6fa-caae44265ef3.jpg	img/bcb26c12c549b831.jpg	4184	300x400
https://cdn.higgsfield.ai/soul-style/40243714-8b1c-44bc-87f2-ef3aacc2daf9.webp	img/3087eaae6b267156.jpg	16492	300x400
https://cdn.higgsfield.ai/soul-style/443e1d53-353b-4459-b39e-56f91d141994.webp	img/9fde50e37a3199cb.jpg	102752	500x666
https://cdn.higgsfield.ai/soul-style/47181b3d-429b-4f87-bb7c-2c5ca96da893.webp	img/9d260df998de27b8.jpg	110808	500x750
https://cdn.higgsfield.ai/soul-style/4d95d3b1-0db6-4125-a0d7-ba9ba770872f.webp	img/3c487f0954042d79.jpg	172622	500x666
https://cdn.higgsfield.ai/soul-style/3cbfe1d2-421e-421a-b7bd-dbee471a1d65.jpg	img/00d5b5f6cf2119fd.jpg	5318	300x225
https://cdn.higgsfield.ai/soul-style/4e5723ab-845d-43b2-b540-0202516e2e46.webp	img/b23fbe8b26965354.jpg	110142	500x666
https://cdn.higgsfield.ai/soul-style/504909f4-dad4-4f3a-b398-65e09e644200.webp	img/085e5b2150bd474c.jpg	79538	500x666
https://cdn.higgsfield.ai/soul-style/51362a07-60b0-4270-9125-03dea74ed03e.webp	img/0efababe76eb0854.jpg	12468	300x400
https://cdn.higgsfield.ai/soul-style/5a70012c-02c4-45aa-934b-768587a2d0e4.jpg	img/a089d37f373b0f80.jpg	7314	300x400
https://cdn.higgsfield.ai/soul-style/61d13bb8-fbe2-4816-8d2b-231e5ef68930.webp	img/5df6d4672a1b8d5b.jpg	14824	300x400
https://cdn.higgsfield.ai/soul-style/62cfc3fb-bb46-4977-9fbb-cee0b68504d4.jpg	img/4c66c06cda1af27d.jpg	4930	300x456
https://cdn.higgsfield.ai/soul-style/5facd514-6d55-4d45-82a5-ff2e8d5feb99.webp	img/93473e3b0b8151fa.jpg	192738	500x666
https://cdn.higgsfield.ai/soul-style/529d10c2-8394-44ac-bcea-e2760586e50e.webp	img/0be9fde8669fbb09.jpg	140830	500x666
https://cdn.higgsfield.ai/soul-style/65d773e0-b947-4edc-982e-493ce1f04dc3.webp	img/8f0e88f940532bfc.jpg	17660	300x400
https://cdn.higgsfield.ai/soul-style/55009845-16f0-43b0-a395-48c2bbe1f4d8.jpg	img/359ab6831c2ac90b.jpg	6366	300x400
https://cdn.higgsfield.ai/soul-style/670dae78-6481-4aab-b986-5060b1ae43ed.webp	img/c39ad00491c3d5a3.jpg	69576	500x666
https://cdn.higgsfield.ai/soul-style/665ca5a4-e1e7-4fed-8d53-01177ae0518d.jpg	img/95d7775531b352a3.jpg	6040	300x225
https://cdn.higgsfield.ai/soul-style/671935ec-51a6-4f9d-9cb4-39661b9a9814.jpg	img/1a5ba1f4468e34b2.jpg	4706	300x225
https://cdn.higgsfield.ai/soul-style/69a45320-c6ad-4242-8154-915121f42937.webp	img/7db829abc7ec51ec.jpg	26904	500x276
https://cdn.higgsfield.ai/soul-style/689b1bdc-4c2d-49f3-8b22-8d147f736125.webp	img/23641ed7f7a8f1c6.jpg	14124	300x400
https://cdn.higgsfield.ai/soul-style/6a5baf93-e0dc-4123-9f7b-868eab9b4e04.jpg	img/a0dc52d860eab816.jpg	9178	300x300
https://cdn.higgsfield.ai/soul-style/71391c5d-1171-4b32-9c74-6e97413ab33c.jpg	img/82d274665b93ed21.jpg	8988	300x400
https://cdn.higgsfield.ai/soul-style/75e73009-dd0c-4b9d-b0ef-93544b7e4491.jpg	img/9d91adc381f887f0.jpg	22974	300x400
https://cdn.higgsfield.ai/soul-style/71d9f310-f966-41ec-a009-a87167bcbebe.webp	img/70f4a735d11b4731.jpg	119070	500x750
https://cdn.higgsfield.ai/soul-style/77e056f6-89db-4c06-833a-91f143ad4612.webp	img/c6784cda965b80eb.jpg	50810	500x750
https://cdn.higgsfield.ai/soul-style/6e02af81-a6ab-4282-b432-da392a92bc31.webp	img/92b9aad40c5717eb.jpg	191680	500x666
https://cdn.higgsfield.ai/soul-style/6d384dd7-f756-41de-9628-06c6cb204423.jpg	img/0ab3470e488e20f9.jpg	10598	300x400
https://cdn.higgsfield.ai/soul-style/8714c5d6-43fb-45b5-b8bb-c5cf5500654d.webp	img/a47bc5b9e5b99142.jpg	108514	500x666
https://cdn.higgsfield.ai/soul-style/88d27015-a635-4c0f-bf47-19f7c280a659.webp	img/1b482b26751643c5.jpg	70058	500x666
https://cdn.higgsfield.ai/soul-style/8d797478-cc70-47e1-9a35-242852667eb0.jpg	img/4a555b753545c68a.jpg	6008	300x225
https://cdn.higgsfield.ai/soul-style/8feebd5a-7c6d-436a-8d38-bbeac7b65f34.webp	img/f20eb919d334efa7.jpg	43062	500x666
https://cdn.higgsfield.ai/soul-style/8f90d994-1b8d-4760-8afb-738da2975a50.webp	img/9f35f8a8c1921d51.jpg	148878	500x666
https://cdn.higgsfield.ai/soul-style/7bc1844f-33b1-4578-b25c-2c8ab373e350.webp	img/0b3c707fcd19e5fa.jpg	111446	500x666
https://cdn.higgsfield.ai/soul-style/9627c330-e5e0-428d-8414-aeae83d57819.jpg	img/e44f4d1ec9d29434.jpg	9142	300x225
https://cdn.higgsfield.ai/soul-style/91490e65-80c2-42a0-bbec-971392a77462.webp	img/720c2f3af0b3774d.jpg	9886	300x400
https://cdn.higgsfield.ai/soul-style/94fec1e2-d335-4a05-a69a-900bc084a917.webp	img/92d839f37930a28d.jpg	4864	300x400
https://cdn.higgsfield.ai/soul-style/9ce0b7cb-2252-4047-8c9a-291a90395e66.jpg	img/b36124f0b93d3214.jpg	8970	300x400
https://cdn.higgsfield.ai/soul-style/97b9e378-ad9d-415e-b3f4-f4c8890dfb60.webp	img/a01597258fe67ff1.jpg	133506	500x375
https://cdn.higgsfield.ai/soul-style/9cff0472-88b6-4ee2-a1e6-0976f79cdbe8.webp	img/216b55d165e31f27.jpg	131154	500x750
https://cdn.higgsfield.ai/soul-style/a5c20546-38eb-4d61-8eb2-5290908d55bc.jpg	img/f7c01b1a3be5a79e.jpg	10606	300x225
https://cdn.higgsfield.ai/soul-style/9ce258c5-ae02-423d-86c7-15cd8073fb61.webp	img/de198c757660a7c6.jpg	96364	500x666
https://cdn.higgsfield.ai/soul-style/a687cfa3-b2b4-4870-af9a-20ac2d1320ad.webp	img/4e1687f65301abb8.jpg	96984	500x666
https://cdn.higgsfield.ai/soul-style/a6bf56b4-eb67-49e5-aa26-e2dd45882100.webp	img/8d986c2532d37efe.jpg	136678	500x885
https://cdn.higgsfield.ai/soul-style/a8951200-becf-4fa3-b41b-3a58e7ebcd72.jpg	img/ffba0d490c38b886.jpg	8550	300x400
https://cdn.higgsfield.ai/soul-style/a8d0899d-ec67-49a4-af7f-5fcf0a8f27be.webp	img/c4a84e597f1281e9.jpg	13070	300x400
https://cdn.higgsfield.ai/soul-style/a9f12667-0dd4-452e-b704-4ac8f29a69d9.webp	img/c9b361564f39e6e5.jpg	102750	500x500
https://cdn.higgsfield.ai/soul-style/9ef39e1b-693e-4560-89e0-6dfb670f42ea.webp	img/83376c4b287ac8c5.jpg	205442	500x666
https://cdn.higgsfield.ai/soul-style/aa99b83d-fe92-4542-8dab-b0c708d0cf30.jpg	img/c18e1a3c296d2ac0.jpg	12532	300x300
https://cdn.higgsfield.ai/soul-style/a8417fb3-3801-4e00-b86f-57a55d59eacd.webp	img/c43f4a854cc6c8f1.jpg	5328	300x200
https://cdn.higgsfield.ai/soul-style/acc02fcd-ce68-4019-b517-089025455ed6.jpg	img/687695be1df3d384.jpg	3624	300x225
https://cdn.higgsfield.ai/soul-style/acf8f24d-f567-4b7a-bede-aa63cb7c90dd.jpg	img/60b056ab5f523a64.jpg	4108	300x169
https://cdn.higgsfield.ai/soul-style/add67dde-7dbf-4565-93e9-a9bb121e03b9.jpg	img/11d79c3a84d6f2d6.jpg	18054	300x400
https://cdn.higgsfield.ai/soul-style/af958840-be6d-4444-b441-22b7e1891f5d.webp	img/c65aa39295f078a4.jpg	88692	500x500
https://cdn.higgsfield.ai/soul-style/b8665543-a419-4fda-a8d0-b10f07b8c03d.jpg	img/f56426c1a418ced2.jpg	16614	300x300
https://cdn.higgsfield.ai/soul-style/af2a00ab-3f9f-451b-8c0b-4abc81adb12a.webp	img/63666b3eb0c29661.jpg	11814	300x400
https://cdn.higgsfield.ai/soul-style/b6552305-c29f-4f41-9252-49c5470b2b73.webp	img/7a1602814defda84.jpg	15758	300x400
https://cdn.higgsfield.ai/soul-style/c056f71c-31c6-48f5-8d4c-b13bab458ede.jpg	img/021eafbf11d7b8ac.jpg	7606	300x225
https://cdn.higgsfield.ai/soul-style/c23aa132-6ff5-4654-9db5-8de98013a0d7.webp	img/6ea78187d99af1a8.jpg	90380	500x666
https://cdn.higgsfield.ai/soul-style/bed53d7d-3061-4666-bcd6-2ad890387f97.webp	img/df59f394ceb2e899.jpg	5708	300x400
https://cdn.higgsfield.ai/soul-style/bb5c5572-693a-4b21-ba6e-329dc7da2af3.webp	img/1ea1c1565a89e316.jpg	58042	500x375
https://cdn.higgsfield.ai/soul-style/c63129ae-e4db-4bdf-9617-f7201f4a4cd1.jpg	img/30f631f1e87cec03.jpg	6452	300x400
https://cdn.higgsfield.ai/soul-style/c6ffc0df-5487-417b-82d9-2ec54d2aa122.jpg	img/2b12612557b3adc4.jpg	1778	300x225
https://cdn.higgsfield.ai/soul-style/c23eef21-0f45-4e93-8818-1da4a3061d01.webp	img/d293247e07403aa6.jpg	131308	500x666
https://cdn.higgsfield.ai/soul-style/ca50ff8d-ed44-4043-b1ec-1c62247d4e44.webp	img/302f49f9c22fc8fa.jpg	172202	500x666
https://cdn.higgsfield.ai/soul-style/cacbe40f-8551-481a-a8f3-57692fc4ba4d.webp	img/55e0a6cf2ddc101c.jpg	17330	300x400
https://cdn.higgsfield.ai/soul-style/cb9644f9-8fe2-4b97-b248-0a232d8de01d.webp	img/5f65ddfe0a81dd8a.jpg	89402	500x666
https://cdn.higgsfield.ai/soul-style/ce4416fd-37a7-42fe-af0d-10167d2cfa0a.webp	img/f583d617f1c3d4c6.jpg	56268	500x375
https://cdn.higgsfield.ai/soul-style/c829d3c3-2b06-4f37-bbbd-e97cf8becc48.webp	img/a04429b40d09a017.jpg	180198	500x805
https://cdn.higgsfield.ai/soul-style/d39c18e3-0b96-41ab-bcc7-4b6b29e953d5.webp	img/5e28418fb6ce3b61.jpg	142232	500x666
https://cdn.higgsfield.ai/soul-style/d5d6f14d-9ba1-4f29-96d9-792280f50782.jpg	img/44744efb804edde3.jpg	8184	300x225
https://cdn.higgsfield.ai/soul-style/d014f6a2-792e-429b-b47a-33352ed95e2d.jpg	img/658d0aaade31355d.jpg	16702	300x400
https://cdn.higgsfield.ai/soul-style/dbd126c8-0c0f-4bfc-bb10-76a2cf5a536c.webp	img/7d3ed0f7824047d5.jpg	64586	500x666
https://cdn.higgsfield.ai/soul-style/dc1274f0-b58d-4603-9f01-97337e512cac.jpg	img/59b560ea88997b53.jpg	15518	300x400
https://cdn.higgsfield.ai/soul-style/dc742858-f56d-4fcc-9736-e7c2a3005b84.jpg	img/a1c6935a9dc8efa2.jpg	10510	300x400
https://cdn.higgsfield.ai/soul-style/d58fc1ab-f332-4e9b-bdd3-257164e92930.jpg	img/6652aaf24110f403.jpg	10454	300x225
https://cdn.higgsfield.ai/soul-style/dfa98f2e-9b22-4272-a030-a5296b3b9b6a.jpg	img/1f571a8993916e73.jpg	18918	300x400
https://cdn.higgsfield.ai/soul-style/e1e573d1-530b-49e3-aea6-be773312a6a1.webp	img/e9e9579ec5fe9a6b.jpg	92656	500x666
https://cdn.higgsfield.ai/soul-style/e41faf36-e634-485d-be55-edcce8099043.jpg	img/3d424903ca946f73.jpg	6588	300x400
https://cdn.higgsfield.ai/soul-style/e4cce90c-943a-45be-a324-0a92fe0fcb9d.jpg	img/f560ba2e47c25f6c.jpg	12320	300x400
https://cdn.higgsfield.ai/soul-style/ea75ae9f-fa9a-4706-b1e0-8a01e01389cc.webp	img/9c9ba11bb665ba4b.jpg	102174	500x666
https://cdn.higgsfield.ai/soul-style/ebdf01bb-e964-4d7e-9d75-f0735492a5aa.webp	img/6d60d20b11b9002d.jpg	139292	500x666
https://cdn.higgsfield.ai/soul-style/ed84e65b-1c57-4ce2-bef0-8e98c9e6667f.webp	img/e1564fdecf5e0646.jpg	300810	500x750
https://cdn.higgsfield.ai/soul-style/e668934b-9b36-4263-86e0-cdd58f7c267b.jpg	img/403369780c4632c0.jpg	2578	300x169
https://cdn.higgsfield.ai/soul-style/f3d48ef2-efd7-40fa-ae07-f19bc8795f54.webp	img/46dd4ff365fa1efd.jpg	158938	500x666
https://cdn.higgsfield.ai/soul-style/f66daa40-480f-49f1-90ed-6b2af23a4554.jpg	img/3406bcf154c6c8be.jpg	14392	300x400
https://cdn.higgsfield.ai/soul-style/f457ae4c-f11a-448d-b2ec-058835039e58.webp	img/3a11e773f24c7fb3.jpg	59970	500x666
https://cdn.higgsfield.ai/soul-style/f20194ec-4c8f-4ed5-9f23-152f7d09ecec.webp	img/bc3298f7a12fefa7.jpg	131378	500x666
https://cdn.higgsfield.ai/soul-style/fb283ea7-2fdb-4b50-acd3-f38d83d2c93e.jpg	img/fc665c3f356d5b3a.jpg	4382	300x225
https://cdn.higgsfield.ai/soul-style/fe9aa7ca-01be-443f-be91-d55efb7691e7.jpg	img/adc8bc2f893d117b.jpg	5464	300x400
https://cdn.higgsfield.ai/soul-v2-style/2a79c49e-29cd-46b3-b60e-d6eed72b40ec.webp	img/96579eae4e65b0f8.jpg	107028	500x666
https://cdn.higgsfield.ai/soul-v2-style/5dde2c92-6d83-42ba-9a15-b2acb853ade9.webp	img/8a82200d3c19950c.jpg	52560	500x375
https://cdn.higgsfield.ai/soul-style/fbbfa936-7e5e-44f4-ac9c-774b38967130.jpg	img/da548760447c76a6.jpg	12006	300x300
https://cdn.higgsfield.ai/soul-v2-style/52d61f32-3d21-412e-acd2-aaf8fe731feb.webp	img/813e57d404d39e58.jpg	166044	500x666
https://cdn.higgsfield.ai/soul-v2-style/72d1d869-9424-4d05-ba2c-a939c43a7755.webp	img/7fd5d1fdb453684b.jpg	166044	500x666
https://cdn.higgsfield.ai/soul-v2-style/6af205fe-533f-43fd-ae21-f970229914a4.webp	img/d1e12dd9263ea5b7.jpg	157654	500x888
https://cdn.higgsfield.ai/soul-v2-style/776961b9-336d-4234-b569-bdd57021ffcf.webp	img/5f487f32fce48dae.jpg	137934	500x666
https://cdn.higgsfield.ai/soul-v2-style/83ad7a3a-a1cd-4028-9b4d-3e9b31b148ec.webp	img/272f61a87998a73b.jpg	172844	500x666
https://cdn.higgsfield.ai/soul-v2-style/85973d2e-54e5-40e4-afaa-66037e4cc43c.webp	img/e790a5661e43eef6.jpg	128720	500x666
https://cdn.higgsfield.ai/soul-v2-style/9f132343-278b-4fd1-b614-c11e07472cf5.webp	img/5a9b345a1cc5d3d7.jpg	139276	500x666
https://cdn.higgsfield.ai/soul-v2-style/b80e18fa-4a4a-4cb8-a2ba-c4a2fc0b1734.webp	img/319464ae9d847751.jpg	78728	500x373
https://cdn.higgsfield.ai/soul-v2-style/8830ee50-abb5-43b5-a43f-5d56d83a5d0f.webp	img/1afe92f595287bd3.jpg	128720	500x666
https://cdn.higgsfield.ai/soul-v2-style/bd012736-2b24-40fd-84b8-d73b0d2ebee4.webp	img/3e9af46f778f41cd.jpg	170090	500x888
https://cdn.higgsfield.ai/stacked/job/1a439863-a72a-4d1e-aa33-f68b4d75f44e/thumbnail.webp	img/77930d69e33bc7a5.jpg	76928	720x1440
https://cdn.higgsfield.ai/soul-v2-style/812b64bf-685a-4891-8542-9ac0697fc8cf.webp	img/4bf86c4bcdc0c280.jpg	116632	500x888
https://cdn.higgsfield.ai/stacked/job/27c08386-480b-4ac3-8f78-91f9c7f44059/thumbnail.webp	img/e9503f250bc6766a.jpg	52718	720x1440
https://cdn.higgsfield.ai/soul-v2-style/bf3defc5-e184-4a21-bf1f-cae4a66ace97.webp	img/8e49d0ffa5199580.jpg	179686	500x666
https://cdn.higgsfield.ai/stacked/job/2fb4b4bd-109d-4748-b3c5-c4bb35c8d5df/thumbnail.webp	img/4ad133d8a3978cbc.jpg	80110	720x1440
https://cdn.higgsfield.ai/stacked/job/2c28727e-df81-4e65-bcf8-af845907935a/thumbnail.webp	img/45bd9f4204da784e.jpg	85472	720x1440
https://cdn.higgsfield.ai/stacked/job/378bfcc2-4aa4-4292-aeb3-fda2362d09ac/thumbnail.webp	img/ef7330dc2da6b898.jpg	51264	720x1440
https://cdn.higgsfield.ai/stacked/job/3b3393cd-f2fa-4381-8774-03d6fd1e4dc1/thumbnail.webp	img/1c7c898861b8f4f4.jpg	77446	720x1440
https://cdn.higgsfield.ai/stacked/job/8bc2c6a5-90ea-437f-8482-5f913cbf5ddb/thumbnail.webp	img/0977405e53c8f8c7.jpg	104228	720x1440
https://cdn.higgsfield.ai/stacked/job/801cf8d1-8f6b-4edf-814f-40daf0a207bf/thumbnail.webp	img/4fc9ff001c887a4f.jpg	50026	720x1440
https://cdn.higgsfield.ai/stacked/job/98d6df7a-0ac1-41c2-9124-06c6188ef284/thumbnail.webp	img/3121adca64bfca47.jpg	55524	720x1440
https://cdn.higgsfield.ai/stacked/job/a7eddfbc-3004-4d4a-85f7-8b7302a901a8/thumbnail.webp	img/07ec6e6feeeb3905.jpg	111278	720x1440
https://cdn.higgsfield.ai/stacked/job/a28c25d8-8261-4efd-84cb-08077bde12a9/thumbnail.webp	img/7ebfad2983543124.jpg	83986	720x1440
https://cdn.higgsfield.ai/stacked/job/a828ab02-2932-4947-9e80-eef8540d54b6/thumbnail.webp	img/9c728b780f8430d6.jpg	118726	720x1440
https://cdn.higgsfield.ai/stacked/job/40b6bfa2-6ff1-4ccb-ba39-6e572e2f2414/thumbnail.webp	img/d866974952bdf009.jpg	52872	720x1440
https://cdn.higgsfield.ai/stacked/job/40908df4-4e4e-4a9c-ab76-d5b8271a4028/thumbnail.webp	img/a8832c536de72ad1.jpg	144740	720x1440
https://cdn.higgsfield.ai/stacked/job/b19de6d6-4195-4f52-b391-62b2c9a07ecc/thumbnail.webp	img/fe5ee5d59d655b84.jpg	53434	720x1440
https://cdn.higgsfield.ai/stacked/job/c661639b-452e-49e6-a814-d1a84be19a0f/thumbnail.webp	img/f64bca46ef851ac8.jpg	51236	720x1440
https://cdn.higgsfield.ai/stacked/job/dfb7101b-dcce-4fa7-afe4-c0cdb7dec0c2/thumbnail.webp	img/00792d98e3a692c7.jpg	159798	720x1440
https://cdn.higgsfield.ai/stacked/job/dfb86410-3cdd-414d-bb54-9e062b4acc91/thumbnail.webp	img/5c09a906eb87f940.jpg	50956	720x1440
https://cdn.higgsfield.ai/stacked/job/fb3afaee-9383-4ed6-a311-a942b8e4c7a4/thumbnail.webp	img/229a7d4d4e36c58e.jpg	108772	720x1440
https://cdn.higgsfield.ai/user_2vV68Ukpv101mL5Dprsk6JvfLMI/1c1bbe88-bd15-4da3-801c-5c86518490fe_thumbnail.webp	img/577cc63cbafc10a9.jpg	136814	720x402
https://cdn.higgsfield.ai/user_2vV68Ukpv101mL5Dprsk6JvfLMI/20d887d6-5e1f-47d9-8599-1c9b54fc3c51_thumbnail.webp	img/2dde0a93b0bcaae5.jpg	153720	720x402
https://cdn.higgsfield.ai/user_2vV68Ukpv101mL5Dprsk6JvfLMI/20c9e0cf-0dc4-41d8-934e-53daebe5541e_thumbnail.webp	img/a5cd6434da93113d.jpg	59822	720x402
https://cdn.higgsfield.ai/user_2vV68Ukpv101mL5Dprsk6JvfLMI/36a0bdac-3f36-4c79-9c97-6ea9e40535f0_thumbnail.webp	img/7566218a222dd0e3.jpg	197646	720x398
https://cdn.higgsfield.ai/user_2vV68Ukpv101mL5Dprsk6JvfLMI/3cf95ae2-1c86-4986-a477-220f3d33d8f9_thumbnail.webp	img/0531346b2a2793bf.jpg	77040	720x398
https://cdn.higgsfield.ai/stacked/job/da9573b3-b00f-4005-bbd9-831f564fda82/thumbnail.webp	img/3d48355ca359097a.jpg	77916	720x1440
https://cdn.higgsfield.ai/user_2vV68Ukpv101mL5Dprsk6JvfLMI/3d49bd47-b741-4531-9966-137798824678_thumbnail.webp	img/9a6d8602caeb6b3c.jpg	159188	720x398
https://cdn.higgsfield.ai/user_2vV68Ukpv101mL5Dprsk6JvfLMI/57b11286-e61d-4f28-a5d1-43d7526cf373_thumbnail.webp	img/7d2025c87662b0cd.jpg	176240	720x398
https://cdn.higgsfield.ai/user_2vV68Ukpv101mL5Dprsk6JvfLMI/584e02f7-9a09-47fe-b261-97b54f23b8eb_thumbnail.webp	img/46a09058073e39d3.jpg	249010	720x398
https://cdn.higgsfield.ai/user_2vV68Ukpv101mL5Dprsk6JvfLMI/5937ffaa-7829-4009-85cd-b7e2269bc048_thumbnail.webp	img/627a706fc25536ce.jpg	285860	720x720
https://cdn.higgsfield.ai/user_2vV68Ukpv101mL5Dprsk6JvfLMI/7ba7945f-4262-4d6f-b28f-b4167b6034a0_thumbnail.webp	img/af2b96965fba004e.jpg	144752	720x402
https://cdn.higgsfield.ai/user_2vV68Ukpv101mL5Dprsk6JvfLMI/a08a1632-e34a-4312-9af5-d1d1ddbd6f26_thumbnail.webp	img/289152d0ad75944b.jpg	189686	720x402
https://cdn.higgsfield.ai/user_2vV68Ukpv101mL5Dprsk6JvfLMI/3bab1c2a-3aa5-4204-a2b8-84cd93285479_thumbnail.webp	img/6f5d0ea11f082957.jpg	134266	720x402
https://cdn.higgsfield.ai/user_2vV68Ukpv101mL5Dprsk6JvfLMI/a393bc7e-4a21-4cb7-b22b-7247084b10d4_thumbnail.webp	img/b38cc72e2c0cabf3.jpg	95676	720x402
https://cdn.higgsfield.ai/user_2vV68Ukpv101mL5Dprsk6JvfLMI/aa11261a-a6de-4f73-8b98-8d720f387ef2_thumbnail.webp	img/e76285d5740aaae5.jpg	176756	720x398
https://cdn.higgsfield.ai/user_2vV68Ukpv101mL5Dprsk6JvfLMI/aabf67f1-fb91-401f-9b06-0487ffd17f22_thumbnail.webp	img/00c4e8bb828cd669.jpg	37446	720x538
https://cdn.higgsfield.ai/user_2vV68Ukpv101mL5Dprsk6JvfLMI/c4a65a5b-5032-484e-bd8e-5569a6509a2e_thumbnail.webp	img/90fd6d15506764f4.jpg	178876	720x402
https://cdn.higgsfield.ai/user_2vV68Ukpv101mL5Dprsk6JvfLMI/c19df3c5-f3d9-4a5b-9376-d7f34b991936_thumbnail.webp	img/f47d8c355a3443a0.jpg	160198	720x402
https://cdn.higgsfield.ai/user_2vV68Ukpv101mL5Dprsk6JvfLMI/cc1c4708-b358-4dfc-a121-a581a5edeae7_thumbnail.webp	img/88d151049be796aa.jpg	226768	720x398
https://cdn.higgsfield.ai/user_2vV68Ukpv101mL5Dprsk6JvfLMI/c5d07f11-6839-4f13-b8a3-093b9e9b773c_thumbnail.webp	img/e902d2489e42e49d.jpg	329860	720x1074
https://cdn.higgsfield.ai/user_2vV68Ukpv101mL5Dprsk6JvfLMI/e2c150b7-a063-4137-a9f8-0594e4e308a8_thumbnail.webp	img/0edea1b3281bbab4.jpg	188844	720x398
https://cdn.higgsfield.ai/user_2vV68Ukpv101mL5Dprsk6JvfLMI/d47ad6f2-c283-4f0f-a7c5-dbb28f3f4b70_thumbnail.webp	img/ca0eed0c2c82c22f.jpg	66342	720x402
https://cdn.higgsfield.ai/user_2vV68Ukpv101mL5Dprsk6JvfLMI/f000e2bd-65d1-4ccf-9649-0f13d8920ee2_thumbnail.webp	img/a31fb9796aaee0d1.jpg	102122	720x402
https://cdn.higgsfield.ai/user_2vV68Ukpv101mL5Dprsk6JvfLMI/e5945623-cab8-47f0-93a4-682ab8628952_thumbnail.webp	img/f8f377edb997303c.jpg	76520	720x402
https://cdn.higgsfield.ai/user_2vV68Ukpv101mL5Dprsk6JvfLMI/f3601029-ecd3-4956-9888-e888b8a36177_thumbnail.webp	img/4067466f3534cb16.jpg	188268	720x402
https://cdn.higgsfield.ai/user_2vtxM3DRcDcQIjpmiCpUDF2wcAT/8aceb175-0dfd-4e91-ae4a-6e3a9c6e74cf_thumbnail_min.webp	img/b89c95834f9c2a6c.jpg	16430	600x600
https://cdn.higgsfield.ai/user_2vtxM3DRcDcQIjpmiCpUDF2wcAT/hf_20260413_134418_6d688d5f-a19e-453c-95ac-72829a69a19b_thumbnail.webp	img/9658c4745ebcd8cd.jpg	120544	720x960
https://cdn.higgsfield.ai/user_2vtxM3DRcDcQIjpmiCpUDF2wcAT/acf1f501-30d0-46e8-b02a-e7982ccc7b37_thumbnail_min.webp	img/73effa54eef93a95.jpg	35362	600x338
https://cdn.higgsfield.ai/user_2vtxM3DRcDcQIjpmiCpUDF2wcAT/ec16249d-e4e7-4c3c-b3f5-f547372cfda0_thumbnail_min.webp	img/f045e4e80e1b8e4e.jpg	18466	600x338
https://cdn.higgsfield.ai/user_2woJMxSXFH2QGGlMdyBq7q6ld4K/01c77eeb-fe4a-4abf-9e0a-d1d1a7ac350f_thumbnail.webp	img/58af791fafd32c39.jpg	30128	600x800
https://cdn.higgsfield.ai/user_2woJMxSXFH2QGGlMdyBq7q6ld4K/0f5b966a-7226-46d9-8ab8-ad4364add52e_thumbnail.webp	img/f35231486586ebea.jpg	17620	600x450
https://cdn.higgsfield.ai/user_2woJMxSXFH2QGGlMdyBq7q6ld4K/28384c7b-9fff-4dc3-b19d-9677bb2e1ac0_thumbnail.webp	img/b15da0a3aefd3f04.jpg	12716	600x450
https://cdn.higgsfield.ai/user_2woJMxSXFH2QGGlMdyBq7q6ld4K/492909ff-b3e5-4be8-9e1b-e746a949215a_thumbnail.webp	img/9be7309606546649.jpg	19502	600x450
https://cdn.higgsfield.ai/user_2woJMxSXFH2QGGlMdyBq7q6ld4K/719b296e-4a3a-4ab9-aaa0-d7cb730bf4e0_thumbnail.webp	img/bcb7c0559e6ca092.jpg	30382	600x800
https://cdn.higgsfield.ai/user_2woJMxSXFH2QGGlMdyBq7q6ld4K/c118dae0-628c-4a7f-81b7-94518336f2e9_thumbnail.webp	img/6c03656cea4d0360.jpg	34038	600x800
https://cdn.higgsfield.ai/user_2woJMxSXFH2QGGlMdyBq7q6ld4K/e82ca455-1484-4811-a526-f04d4848d8d0_thumbnail.webp	img/3dc465c125522fb2.jpg	31298	600x450
https://cdn.higgsfield.ai/user_2woJMxSXFH2QGGlMdyBq7q6ld4K/efe48261-e0bb-4d4e-aa87-0dee57929c4c_thumbnail.webp	img/9be3822a06f8b235.jpg	18814	600x800
https://cdn.higgsfield.ai/user_2x8ap0ZOdCcy5oLs7FeVpLjH02w/1552268f-c5b3-47da-9fa0-9bca6dcd1d6c_thumbnail.webp	img/5c0ebe8854012ec5.jpg	140894	720x402
https://cdn.higgsfield.ai/user_2woJMxSXFH2QGGlMdyBq7q6ld4K/f3a27a40-14ed-4805-a1e1-990aea8da6ff_thumbnail.webp	img/9e079122bbdaa7f8.jpg	13344	600x800
https://cdn.higgsfield.ai/user_2x8ap0ZOdCcy5oLs7FeVpLjH02w/667a0484-33ce-4b32-9edb-85a8cfcd0d25_thumbnail.webp	img/d7ffd50ffe3fcba7.jpg	218310	720x402
https://cdn.higgsfield.ai/user_2xOoAgICO0cwftxLdsJyKqBCjXi/448b3b9d-14ee-4247-8b18-a818b3fe5f22_thumbnail_min.webp	img/142164c84dbf51f5.jpg	29290	600x1066
https://cdn.higgsfield.ai/user_2woJMxSXFH2QGGlMdyBq7q6ld4K/f87bd88f-588f-4f6d-a37d-085132fc8fa4_thumbnail.webp	img/9aeb1890849f459a.jpg	5210	600x450
https://cdn.higgsfield.ai/user_2x8ap0ZOdCcy5oLs7FeVpLjH02w/9d58884f-d5f4-47e0-a39c-7117cce03448_thumbnail.webp	img/791d36e845959809.jpg	137232	720x402
https://cdn.higgsfield.ai/user_2xOoAgICO0cwftxLdsJyKqBCjXi/8f050eed-0381-48c4-bda4-04131f796c52_thumbnail.webp	img/3ed95ec6f07c24a7.jpg	4420	600x338
https://cdn.higgsfield.ai/user_2zCJ5tEN6uIBvyVgjkYMw2JO6bN/169ae447-fbb9-4733-aed4-eb30a6fb1e2d_thumbnail_min.webp	img/2f195d6da61da26e.jpg	9396	600x1066
https://cdn.higgsfield.ai/user_2zCJ5tEN6uIBvyVgjkYMw2JO6bN/ee7c6ebe-d3cb-4abf-b524-1dad423eb4e2_thumbnail_min.webp	img/23cb738f63c2a514.jpg	28454	600x1066
https://cdn.higgsfield.ai/user_2zCJ5tEN6uIBvyVgjkYMw2JO6bN/42985f39-28d2-4bbf-b63b-7d955ca5e83e_thumbnail_min.webp	img/7dae40b937f001a0.jpg	21668	600x1050
https://cdn.higgsfield.ai/user_2zGhKQBhNr4agrkbTBHMUGRiaSQ/24adc1bb-252d-4e0b-943e-a747ac266567_thumbnail_min.webp	img/13de50b527869d2a.jpg	15630	600x338
https://cdn.higgsfield.ai/user_2x8ap0ZOdCcy5oLs7FeVpLjH02w/91854908-738a-4103-a5d5-65beacd61a1a_thumbnail.webp	img/72f0a4915cad5110.jpg	297900	720x402
https://cdn.higgsfield.ai/user_2zGhKQBhNr4agrkbTBHMUGRiaSQ/70c1b9ac-91dc-4b92-a07b-016e5b736465_thumbnail_min.webp	img/768bbc8bd920ad0e.jpg	42668	600x900
https://cdn.higgsfield.ai/user_2zGhKQBhNr4agrkbTBHMUGRiaSQ/7ffd4db3-e26d-4051-a5cf-bab3ac982253_thumbnail_min.webp	img/a21e2a624cfd5323.jpg	21794	600x450
https://cdn.higgsfield.ai/user_2zGhKQBhNr4agrkbTBHMUGRiaSQ/2a9783e5-8887-42e2-86b4-61fceef1e0bf_thumbnail_min.webp	img/801aa72fb2ae385c.jpg	21354	600x400
https://cdn.higgsfield.ai/user_2zGhKQBhNr4agrkbTBHMUGRiaSQ/0682d209-1045-4393-8d6e-a69d4729eed4_thumbnail_min.webp	img/f4a84c12ece550cc.jpg	35020	600x600
https://cdn.higgsfield.ai/user_2zGhKQBhNr4agrkbTBHMUGRiaSQ/a32ddaab-813c-4b3d-9f6f-f4b218c0ef72_thumbnail_min.webp	img/90f0d3164457b686.jpg	12600	600x338
https://cdn.higgsfield.ai/user_2zGhKQBhNr4agrkbTBHMUGRiaSQ/9ebd4360-23d2-4e60-87c6-960ae7d7db7c_thumbnail_min.webp	img/9268eb0e6c42a0f2.jpg	29438	600x338
https://cdn.higgsfield.ai/user_2zGhKQBhNr4agrkbTBHMUGRiaSQ/bc24939d-bf97-419e-8f7c-ae2aa8b3c694_thumbnail_min.webp	img/6c8aeb32a2b8508e.jpg	7428	600x338
https://cdn.higgsfield.ai/user_2zGhKQBhNr4agrkbTBHMUGRiaSQ/a3c2ccd9-c4e2-46eb-a1ee-d150deada371_thumbnail_min.webp	img/1add68057f3a5230.jpg	33626	600x900
https://cdn.higgsfield.ai/user_2zGhKQBhNr4agrkbTBHMUGRiaSQ/c23b9bc4-173e-458a-a6cd-460570bea9d3_thumbnail_min.webp	img/c33dd076e7d192e9.jpg	9406	600x400
https://cdn.higgsfield.ai/user_2zGhKQBhNr4agrkbTBHMUGRiaSQ/c6a0471c-059b-40e8-9995-6adf1223c9f6_thumbnail_min.webp	img/cb5ac7b79667f590.jpg	16190	600x338
https://cdn.higgsfield.ai/user_2zGhKQBhNr4agrkbTBHMUGRiaSQ/cd7e619e-2a53-46d3-b697-177069224c6e_thumbnail.webp	img/438fdb34ac7e6aa3.jpg	7578	600x342
https://cdn.higgsfield.ai/user_2zGhKQBhNr4agrkbTBHMUGRiaSQ/d2a08883-41ab-4b6c-818c-3c9da45f3b53_thumbnail_min.webp	img/1248b9ee7ef72077.jpg	26396	600x600
https://cdn.higgsfield.ai/user_2zGhKQBhNr4agrkbTBHMUGRiaSQ/ec6217c9-e1b7-49b0-8698-531e5b04aa53_thumbnail_min.webp	img/e410f8e2e76ab7e7.jpg	16558	600x600
https://cdn.higgsfield.ai/user_2zSHVyYafpc6JMTBYcFQ0NXe7vl/27b6d096-cf2a-495e-872b-d7c4e976f3ce_thumbnail_min.webp	img/02e4c95f091e748b.jpg	25964	600x1066
https://cdn.higgsfield.ai/user_2zSHVyYafpc6JMTBYcFQ0NXe7vl/989c38c3-5b47-465a-84b0-69b5cd872ed2_thumbnail.webp	img/fa67dbced46947cb.jpg	12274	600x338
https://cdn.higgsfield.ai/user_2zSHVyYafpc6JMTBYcFQ0NXe7vl/43f79f63-3f84-4258-a6f3-2e215f423843_thumbnail.webp	img/ce6e91c58c08155c.jpg	9770	600x338
https://cdn.higgsfield.ai/user_2zSHVyYafpc6JMTBYcFQ0NXe7vl/a2ce43c8-b4f8-4ef6-9b53-5d5f2b15101a_thumbnail.webp	img/7bad7ba24a11e996.jpg	10754	600x338
https://cdn.higgsfield.ai/user_2zGhKQBhNr4agrkbTBHMUGRiaSQ/f140329a-bcd0-4a90-9bbc-bfad596be2c2_thumbnail_min.webp	img/1b9b7eb31d71c87c.jpg	25864	600x600
https://cdn.higgsfield.ai/user_2zXu7DqFkwehcyw88RKxU8RZnH2/18127fe7-bae9-4f7a-b52f-c00195b09088_thumbnail.webp	img/f9e417d60e6845b1.jpg	23056	600x800
https://cdn.higgsfield.ai/user_2zSHVyYafpc6JMTBYcFQ0NXe7vl/eae4364f-da65-4f32-80bc-f97d968c7ab3_thumbnail_min.webp	img/45b0019e6a25ea79.jpg	30006	600x1050
https://cdn.higgsfield.ai/user_2zXu7DqFkwehcyw88RKxU8RZnH2/1a4f97fd-89d5-4a2f-b3f4-681b448f11e9_thumbnail.webp	img/da3750642c4d9338.jpg	17234	600x450
https://cdn.higgsfield.ai/user_2zXu7DqFkwehcyw88RKxU8RZnH2/aeeec00d-cdc2-458a-81ee-b51f9f5a635d_thumbnail.webp	img/b86b81b351517a73.jpg	15132	600x450
https://cdn.higgsfield.ai/user_309aC2afXq3AoRo5kggIaZqZuMv/30079efb-fd06-4873-86cb-515741c129d4_thumbnail.webp	img/3652edb4d41d2257.jpg	16426	600x338
https://cdn.higgsfield.ai/user_309aC2afXq3AoRo5kggIaZqZuMv/88ba6a4f-a400-4d13-8750-e85a3892b8dc_thumbnail.webp	img/fbcd4346107bc140.jpg	6342	600x338
https://cdn.higgsfield.ai/user_309aC2afXq3AoRo5kggIaZqZuMv/941cd92e-dbfe-4cd4-8a60-46bce20dafa5_thumbnail.webp	img/c347a7831b7e3fa3.jpg	12208	600x338
https://cdn.higgsfield.ai/user_309aC2afXq3AoRo5kggIaZqZuMv/fb9c339b-d876-4413-a8c1-a0dec7da4513_thumbnail.webp	img/af63020074ddcb90.jpg	3528	600x338
https://cdn.higgsfield.ai/user_2zXu7DqFkwehcyw88RKxU8RZnH2/464fbfe5-1e3a-46b4-85dd-44dfa47101ad_thumbnail.webp	img/ebcf24e5b981351b.jpg	13206	600x338
https://cdn.higgsfield.ai/user_30SoPL3LiJARG7QHorTKWeKlLyE/b3e31530-c64e-400d-a912-e338c4b3e301_thumbnail.webp	img/b8b4f57d5ed4bfa4.jpg	290442	720x398
https://cdn.higgsfield.ai/user_3262uqBpOaCby92z8zqMPv0oYEr/2edf4156-04e9-434b-a3a2-ca338192d0a7_thumbnail.webp	img/872905006d343ac4.jpg	20488	600x802
https://cdn.higgsfield.ai/user_3262uqBpOaCby92z8zqMPv0oYEr/131f3ef6-61e2-4f09-9d49-dd0faeda0483_thumbnail.webp	img/059314004f31a94d.jpg	19692	600x450
https://cdn.higgsfield.ai/user_30SoPL3LiJARG7QHorTKWeKlLyE/6c76e215-f80a-47e9-ab40-f85414d9d455_thumbnail.webp	img/fb94a34c2ca823da.jpg	210288	720x398
https://cdn.higgsfield.ai/user_3262uqBpOaCby92z8zqMPv0oYEr/4ae36f79-1493-44be-b828-cde69b2918c9_thumbnail.webp	img/082301afa9d15233.jpg	3764	600x450
https://cdn.higgsfield.ai/user_3262uqBpOaCby92z8zqMPv0oYEr/4b6ca2c3-607b-4786-915c-feccc849dece_thumbnail.webp	img/683565906c2e8def.jpg	9634	600x338
https://cdn.higgsfield.ai/user_3262uqBpOaCby92z8zqMPv0oYEr/8ca56b11-d7fc-43b1-9098-7272f59956af_thumbnail.webp	img/ac7bdbb9249fbe68.jpg	10612	600x450
https://cdn.higgsfield.ai/user_3262uqBpOaCby92z8zqMPv0oYEr/hf_20260326_121323_82ed5fcd-b949-44ec-b378-9c422b01d6d2_thumbnail.webp	img/6befa738ec6ae2c8.jpg	138056	720x406
https://cdn.higgsfield.ai/user_3262uqBpOaCby92z8zqMPv0oYEr/hf_20260326_182414_38fff5c7-c357-4585-a366-13d7bc938a9b_thumbnail.webp	img/7cca2d6f37021e5c.jpg	107266	720x406
https://cdn.higgsfield.ai/user_3262uqBpOaCby92z8zqMPv0oYEr/hf_20260326_205358_0aea1a0b-12ae-495e-8413-532ecda14211_thumbnail.webp	img/bb3e99b32dac684f.jpg	129174	720x406
https://cdn.higgsfield.ai/user_32EcRyiEXuuaRsd6l97gBl9bCTU/01227e48-cb45-4d84-ad7c-345a32928583_thumbnail.webp	img/46f01cceeaecef1c.jpg	260400	720x402
https://cdn.higgsfield.ai/user_32EcRyiEXuuaRsd6l97gBl9bCTU/0016951d-9962-4759-96db-ebed7b090e0c_thumbnail.webp	img/5c19ff2a5c77da0d.jpg	292298	720x398
https://cdn.higgsfield.ai/user_32EcRyiEXuuaRsd6l97gBl9bCTU/046e0e3f-a8ec-4978-b73f-64f0d34be079_thumbnail.webp	img/8e4a46266e025cb8.jpg	180674	720x402
https://cdn.higgsfield.ai/user_32EcRyiEXuuaRsd6l97gBl9bCTU/0c2f0cd6-7cb9-4000-9302-516d291aeb85_thumbnail.webp	img/6aad352c440ffab3.jpg	224344	720x402
https://cdn.higgsfield.ai/user_32EcRyiEXuuaRsd6l97gBl9bCTU/0986638b-83b6-4717-b5e7-bf5ba003eb1e_thumbnail_min.webp	img/a9839947eeba8855.jpg	26378	600x800
https://cdn.higgsfield.ai/user_32EcRyiEXuuaRsd6l97gBl9bCTU/2cbd2e94-748a-40db-afef-cf0c31b3cb7d_thumbnail.webp	img/621678eef6729f38.jpg	112552	720x1290
https://cdn.higgsfield.ai/user_32EcRyiEXuuaRsd6l97gBl9bCTU/2d27e4d8-e4fe-454c-a3a6-f09845b9ca86_thumbnail.webp	img/1076ff348bd521ae.jpg	240744	720x720
https://cdn.higgsfield.ai/user_32EcRyiEXuuaRsd6l97gBl9bCTU/1db570ef-b098-4d2b-b0b3-084a7743d8e5_thumbnail.webp	img/cf6b0c491736c52b.jpg	243404	720x402
https://cdn.higgsfield.ai/user_32EcRyiEXuuaRsd6l97gBl9bCTU/101dfba1-a85d-4add-9ae0-a996dbd1ebd3_thumbnail.webp	img/80071400924865b7.jpg	299824	720x402
https://cdn.higgsfield.ai/user_32EcRyiEXuuaRsd6l97gBl9bCTU/2f18c590-5e50-40cf-baa3-f6b6c32d2b65_thumbnail.webp	img/12e402a603fc4307.jpg	53216	720x402
https://cdn.higgsfield.ai/user_32EcRyiEXuuaRsd6l97gBl9bCTU/11831e74-9312-4129-bdd9-b475b371289a_thumbnail.webp	img/dd291bdf6ce8c023.jpg	211736	720x402
https://cdn.higgsfield.ai/user_32EcRyiEXuuaRsd6l97gBl9bCTU/37bea3c7-835e-4d39-b348-78815c9ba842_thumbnail.webp	img/1fdea189c63de2c5.jpg	160678	720x402
https://cdn.higgsfield.ai/user_32EcRyiEXuuaRsd6l97gBl9bCTU/3e48c60b-9d99-418b-a619-1aabdbe9d232_thumbnail.webp	img/d928a94dceca7d3a.jpg	277050	720x402
https://cdn.higgsfield.ai/user_32EcRyiEXuuaRsd6l97gBl9bCTU/47ffa796-4939-4511-927c-63c47c8632fc_thumbnail.webp	img/d887def936e0a4d4.jpg	126882	720x402
https://cdn.higgsfield.ai/user_32EcRyiEXuuaRsd6l97gBl9bCTU/325a4a53-8411-4209-95a7-bc487be4ba60_thumbnail.webp	img/701784163baf3769.jpg	128260	720x402
https://cdn.higgsfield.ai/user_32EcRyiEXuuaRsd6l97gBl9bCTU/449530bb-454b-4956-b426-991ad7b6abe8_thumbnail.webp	img/c86148cb9e2ecde4.jpg	203252	720x402
https://cdn.higgsfield.ai/user_32EcRyiEXuuaRsd6l97gBl9bCTU/4e872ded-3929-4351-b803-dcd97c97c329_thumbnail.webp	img/303b4011881e0287.jpg	164676	720x402
https://cdn.higgsfield.ai/user_32EcRyiEXuuaRsd6l97gBl9bCTU/585c205f-536b-4b66-9a04-dd95befc90bc_thumbnail.webp	img/8a53908609859f42.jpg	93696	720x306
https://cdn.higgsfield.ai/user_32EcRyiEXuuaRsd6l97gBl9bCTU/59f3b1ca-ed3c-4aae-86d8-bf8d3d71a85b_thumbnail.webp	img/83cc70108f0b89c7.jpg	191360	720x402
https://cdn.higgsfield.ai/user_32EcRyiEXuuaRsd6l97gBl9bCTU/6adc1345-ffe2-4c08-895c-04f341a857b3_thumbnail.webp	img/e9980a12e03fd3fc.jpg	192242	720x402
https://cdn.higgsfield.ai/user_32EcRyiEXuuaRsd6l97gBl9bCTU/7289564d-0a03-450f-abcf-588a81c5a818_thumbnail.webp	img/f548ddd7a6b9b4f2.jpg	113742	720x398
https://cdn.higgsfield.ai/user_32EcRyiEXuuaRsd6l97gBl9bCTU/73d2c473-ab9c-4d9a-9c43-9cd4bb69e350_thumbnail.webp	img/5b9a1b5724088c37.jpg	169618	720x402
https://cdn.higgsfield.ai/user_32EcRyiEXuuaRsd6l97gBl9bCTU/73ffe9ef-90aa-40ee-87e0-c92c13ffd940_thumbnail_min.webp	img/3e3b903a99860973.jpg	6370	600x400
https://cdn.higgsfield.ai/user_32EcRyiEXuuaRsd6l97gBl9bCTU/672596ce-dfcc-44aa-8797-3b2d757f3041_thumbnail.webp	img/ad96c1e4ee2898c3.jpg	272950	720x402
https://cdn.higgsfield.ai/user_32EcRyiEXuuaRsd6l97gBl9bCTU/7a8f9fcb-c984-47a6-9fe0-533572a83894_thumbnail_min.webp	img/635d7ed630225360.jpg	16062	600x450
https://cdn.higgsfield.ai/user_32EcRyiEXuuaRsd6l97gBl9bCTU/9872ce76-9a4e-4e4b-96ba-3dae5778ec2e_thumbnail.webp	img/63b23552caf961f8.jpg	280634	720x402
https://cdn.higgsfield.ai/user_32EcRyiEXuuaRsd6l97gBl9bCTU/80dd359a-d8e3-4df5-b4aa-e41f785a70fd_thumbnail.webp	img/3556943ddf76163d.jpg	228348	720x402
https://cdn.higgsfield.ai/user_32EcRyiEXuuaRsd6l97gBl9bCTU/8ba48c0d-a208-4421-82b7-854504ea452a_thumbnail_min.webp	img/587ea613aeaeb536.jpg	17410	600x800
https://cdn.higgsfield.ai/user_32EcRyiEXuuaRsd6l97gBl9bCTU/a0adc890-624d-45f1-a077-c6a5b3226cb6_thumbnail_min.webp	img/03b2d3a18b5ddebe.jpg	7008	600x338
https://cdn.higgsfield.ai/user_32EcRyiEXuuaRsd6l97gBl9bCTU/a344eca2-e43b-4519-ad1d-112aec0f2447_thumbnail.webp	img/3f5c81e6fe4b45c4.jpg	194412	720x398
https://cdn.higgsfield.ai/user_32EcRyiEXuuaRsd6l97gBl9bCTU/9954a6f7-991d-4d51-a4e3-66621c0a26a9_thumbnail.webp	img/eb12a194ec62af73.jpg	123084	720x402
https://cdn.higgsfield.ai/user_32EcRyiEXuuaRsd6l97gBl9bCTU/ad3c9a68-3adc-49af-9d7e-26f1a63cbeca_thumbnail.webp	img/9aa1fc449b2b9e4d.jpg	318230	720x402
https://cdn.higgsfield.ai/user_32EcRyiEXuuaRsd6l97gBl9bCTU/bbee6f55-7929-4a22-8bf8-88549ccd4264_thumbnail.webp	img/42e08c1b0f798886.jpg	86950	720x402
https://cdn.higgsfield.ai/user_32EcRyiEXuuaRsd6l97gBl9bCTU/aa9f9adf-2f55-487e-a143-36e12aa44cb0_thumbnail.webp	img/9c533e24ec3deb75.jpg	207352	720x402
https://cdn.higgsfield.ai/user_32EcRyiEXuuaRsd6l97gBl9bCTU/bf69dea2-4e7e-492b-8ac9-63e84da5420e_thumbnail.webp	img/54d292be2c20fab0.jpg	267260	720x402
https://cdn.higgsfield.ai/user_32EcRyiEXuuaRsd6l97gBl9bCTU/bfe520bc-08d8-4685-962e-300886fdbe1d_thumbnail.webp	img/52f6a147da2295de.jpg	88230	720x402
https://cdn.higgsfield.ai/user_32EcRyiEXuuaRsd6l97gBl9bCTU/bd6d308c-50d6-4dca-88af-ca8af3089e63_thumbnail.webp	img/16c2dc2d957ddf36.jpg	271452	720x402
https://cdn.higgsfield.ai/user_32EcRyiEXuuaRsd6l97gBl9bCTU/cc3b182b-45fe-4aaa-a2b7-8b578ec67599_thumbnail.webp	img/e665ab408cafa15a.jpg	173390	720x1306
https://cdn.higgsfield.ai/user_32EcRyiEXuuaRsd6l97gBl9bCTU/db46db51-022b-4204-9062-c5e5b81eff3b_thumbnail_min.webp	img/7b9bde8005fb2fcf.jpg	9700	600x450
https://cdn.higgsfield.ai/user_32EcRyiEXuuaRsd6l97gBl9bCTU/c6afcc5c-27b2-453f-a353-408cff6f10ee_thumbnail.webp	img/dfc99ab318ea3cd7.jpg	166080	720x402
https://cdn.higgsfield.ai/user_32EcRyiEXuuaRsd6l97gBl9bCTU/dbc7105a-5233-47d7-8261-abfe04385790_thumbnail.webp	img/f44556b9073f39f5.jpg	203606	720x402
https://cdn.higgsfield.ai/user_32EcRyiEXuuaRsd6l97gBl9bCTU/db01b2b2-9aca-4204-a9c0-f53192e41f4f_thumbnail.webp	img/ab5325186989c724.jpg	187130	720x398
https://cdn.higgsfield.ai/user_32EcRyiEXuuaRsd6l97gBl9bCTU/e47ea69e-f5cf-4089-b084-3ab0ff91806c_thumbnail.webp	img/2c68e269982b6579.jpg	242670	720x398
https://cdn.higgsfield.ai/user_32EcRyiEXuuaRsd6l97gBl9bCTU/de84f301-4e92-4e3c-83ab-c9f77ddc5fa7_thumbnail.webp	img/4923605cf1b42cc3.jpg	456658	720x538
https://cdn.higgsfield.ai/user_32EcRyiEXuuaRsd6l97gBl9bCTU/e8e1a66b-b4ba-4454-8b53-acf324e8e629_thumbnail.webp	img/87b5688b594cf665.jpg	223832	720x402
https://cdn.higgsfield.ai/user_32EcRyiEXuuaRsd6l97gBl9bCTU/ec36855a-e2e8-455d-a729-ccf21a2e7c48_thumbnail.webp	img/eff79f86b55f1042.jpg	222568	720x402
https://cdn.higgsfield.ai/user_32EcRyiEXuuaRsd6l97gBl9bCTU/f5e8ad01-139b-4d1d-b48c-4a8977df916e_thumbnail.webp	img/ad672e9689a202a6.jpg	201406	720x402
https://cdn.higgsfield.ai/user_32VMvlSstxcIMk6hBmtAY4gHyan/8fcfcc35-95b5-438b-b32b-db3017a6f7ab_thumbnail_min.webp	img/b4b29f56f71b12b3.jpg	7442	600x1050
https://cdn.higgsfield.ai/user_32VMvlSstxcIMk6hBmtAY4gHyan/30382fac-8ca7-441d-979d-43a03e9aebe9_thumbnail_min.webp	img/807a0b58e4ad4257.jpg	14572	600x1050
https://cdn.higgsfield.ai/user_32VMvlSstxcIMk6hBmtAY4gHyan/977dc662-a0f2-4224-af76-ba12a7996301_thumbnail.webp	img/c6e7cf6fa02cb31d.jpg	3426	600x342
https://cdn.higgsfield.ai/user_32VOxBjl0k9SuZ0HDYfYhRgqCcx/05f4fe22-7d9e-42f1-a879-a3a687c91f7a_thumbnail_min.webp	img/92cc738caeb824c3.jpg	47688	600x1050
https://cdn.higgsfield.ai/user_32EcRyiEXuuaRsd6l97gBl9bCTU/e8c28ed2-afc7-49db-8e42-856caf099bca_thumbnail.webp	img/8786cfaf9c3acd52.jpg	61394	720x402
https://cdn.higgsfield.ai/user_32VOxBjl0k9SuZ0HDYfYhRgqCcx/1dbc7a03-14d4-4100-848a-aef01dc9530b_thumbnail_min.webp	img/4a8e6fb1aabaa67c.jpg	8042	600x338
https://cdn.higgsfield.ai/user_32VOxBjl0k9SuZ0HDYfYhRgqCcx/285ce351-e56b-4ad7-a40a-8b19629b5754_thumbnail_min.webp	img/bf5524fb24dbf2b0.jpg	9672	600x900
https://cdn.higgsfield.ai/user_32VOxBjl0k9SuZ0HDYfYhRgqCcx/7baa9745-5859-47ef-a661-03de21e9af59_thumbnail_min.webp	img/b04eeb578d5b1435.jpg	12614	600x450
https://cdn.higgsfield.ai/user_32VOxBjl0k9SuZ0HDYfYhRgqCcx/aeb3fda1-1639-4b1e-85f1-ea54496fea20_thumbnail_min.webp	img/476653b5b441ea9c.jpg	31674	600x800
https://cdn.higgsfield.ai/user_32VOxBjl0k9SuZ0HDYfYhRgqCcx/b4baa0f9-9303-41b7-96e2-e0d1f656cd16_thumbnail_min.webp	img/0955bf488745620e.jpg	25596	600x400
https://cdn.higgsfield.ai/user_32VOxBjl0k9SuZ0HDYfYhRgqCcx/b523e4c1-2114-4600-b52e-5b7b433d5fdf_thumbnail_min.webp	img/e277156f3947b823.jpg	9926	600x1066
https://cdn.higgsfield.ai/user_33NEiBV3NhrGrf468faTNSVf2Bd/6dcf84f8-5d67-4f55-acc4-021b6126fd53_thumbnail_min.webp	img/6e3d6df80c6815c4.jpg	2550	600x450
https://cdn.higgsfield.ai/user_32VOxBjl0k9SuZ0HDYfYhRgqCcx/94e7a45f-b695-4344-aee7-cc4aaeae37e1_thumbnail_min.webp	img/a721c0a2a74993c2.jpg	8886	600x400
https://cdn.higgsfield.ai/user_33NEiBV3NhrGrf468faTNSVf2Bd/cc3106bd-67f3-4a5c-a0d3-9f025ddd8c9f_thumbnail_min.webp	img/d9cb22265f420769.jpg	14394	600x450
https://cdn.higgsfield.ai/user_34hPp7fXOu4gkTrKKk2ESqFSfG1/05f70133-bf3c-4c69-b9e5-c6e69195acdf_thumbnail.webp	img/e1f498fec41ad98f.jpg	87884	720x398
https://cdn.higgsfield.ai/user_32VOxBjl0k9SuZ0HDYfYhRgqCcx/f587a65e-d38c-44f7-ab8c-102bd5ab57b2_thumbnail_min.webp	img/5fef6116e6af8d98.jpg	9994	600x450
https://cdn.higgsfield.ai/user_33NEiBV3NhrGrf468faTNSVf2Bd/1e2baccf-5bae-48a0-83e6-673e266b0fd5_thumbnail_min.webp	img/a05d75640983efe9.jpg	27730	600x800
https://cdn.higgsfield.ai/user_34hPp7fXOu4gkTrKKk2ESqFSfG1/127c3972-ffe4-47aa-950e-342827f55671_thumbnail.webp	img/ba9b5a62f3c51123.jpg	94988	720x398
https://cdn.higgsfield.ai/user_33NEiBV3NhrGrf468faTNSVf2Bd/cb7359c8-0ecb-4a56-9d89-fc14b6c34a59_thumbnail_min.webp	img/7dc2bd160f0fcee4.jpg	18554	600x822
https://cdn.higgsfield.ai/user_33NEiBV3NhrGrf468faTNSVf2Bd/79c5e450-0488-4d1a-a013-2e0864502ba8_thumbnail_min.webp	img/aa0316d77c07b7d5.jpg	5562	600x450
https://cdn.higgsfield.ai/user_34hPp7fXOu4gkTrKKk2ESqFSfG1/134f3f62-9f12-4364-a647-173c0c5117af_thumbnail.webp	img/86466f98891a3238.jpg	186682	720x402
https://cdn.higgsfield.ai/user_34hPp7fXOu4gkTrKKk2ESqFSfG1/215933c9-a0d5-458b-a2bc-d46a1cc8f558_thumbnail.webp	img/4bf6460ec89d7e6f.jpg	176806	720x398
https://cdn.higgsfield.ai/user_34hPp7fXOu4gkTrKKk2ESqFSfG1/23e9079f-96d2-45f8-823c-6c31e9f002b5_thumbnail.webp	img/e7f4382970907dc5.jpg	139610	720x402
https://cdn.higgsfield.ai/user_34hPp7fXOu4gkTrKKk2ESqFSfG1/269876ac-d4b0-4c64-95be-5d7fef403e1b_thumbnail.webp	img/821e6a0f97e24d62.jpg	21780	720x402
https://cdn.higgsfield.ai/user_34hPp7fXOu4gkTrKKk2ESqFSfG1/2d2c43a9-63cf-4f45-9aac-e460d1d3ac5d_thumbnail.webp	img/616336b17e4e8b2a.jpg	78534	720x398
https://cdn.higgsfield.ai/user_34hPp7fXOu4gkTrKKk2ESqFSfG1/3582237a-6afa-4202-a6b5-d8470e085e98_thumbnail.webp	img/64d7604bcce9a2ee.jpg	96740	720x398
https://cdn.higgsfield.ai/user_34hPp7fXOu4gkTrKKk2ESqFSfG1/420d9ded-9ed5-4784-83fb-d7781c2f997d_thumbnail.webp	img/49c0ffe5a875e8ce.jpg	224474	720x1074
https://cdn.higgsfield.ai/user_34hPp7fXOu4gkTrKKk2ESqFSfG1/4471dc5d-7e1d-4a27-8f97-5fae849d2f55_thumbnail_min.webp	img/f6eeebdb35c6f5d1.jpg	10758	600x338
https://cdn.higgsfield.ai/user_34hPp7fXOu4gkTrKKk2ESqFSfG1/4aefd592-6cc5-4705-86f5-18849c2a3307_thumbnail_min.webp	img/a5adf5df4394e51c.jpg	11704	600x438
https://cdn.higgsfield.ai/user_34hPp7fXOu4gkTrKKk2ESqFSfG1/4b4c713a-c80a-4073-bc4f-0c687b9ba068_thumbnail.webp	img/2ab05b7d276c3ccd.jpg	125156	720x398
https://cdn.higgsfield.ai/user_34hPp7fXOu4gkTrKKk2ESqFSfG1/53f21ef5-3837-43dd-a95d-ddf989bce909_thumbnail.webp	img/7788ec10db1085fc.jpg	92648	720x392
https://cdn.higgsfield.ai/user_34hPp7fXOu4gkTrKKk2ESqFSfG1/51fd1a08-c8e8-487b-9adf-5905b4914803_thumbnail.webp	img/9aa9ee6bc1b6c291.jpg	137146	720x402
https://cdn.higgsfield.ai/user_34hPp7fXOu4gkTrKKk2ESqFSfG1/3f5c063a-af52-41b6-bae1-fd2daf976860_thumbnail_min.webp	img/1922af88efcb7caa.jpg	25020	600x450
https://cdn.higgsfield.ai/user_34hPp7fXOu4gkTrKKk2ESqFSfG1/47e9d110-c5ff-4e77-a269-6cdcb4f4652a_thumbnail.webp	img/cab1ce0a595062bd.jpg	149524	720x402
https://cdn.higgsfield.ai/user_34hPp7fXOu4gkTrKKk2ESqFSfG1/5e1b3bb2-08fe-45cb-a2f6-28498e32af24_thumbnail.webp	img/178d4b0af45b998a.jpg	95984	720x398
https://cdn.higgsfield.ai/user_34hPp7fXOu4gkTrKKk2ESqFSfG1/58b2c804-2d52-4a29-a5f0-c11c50b4a89f_thumbnail.webp	img/db10edcb189aa5d9.jpg	80426	720x402
https://cdn.higgsfield.ai/user_34hPp7fXOu4gkTrKKk2ESqFSfG1/6206908e-ef88-400e-a964-36e5f1520d91_thumbnail.webp	img/8c72c400e60673b5.jpg	133062	720x398
https://cdn.higgsfield.ai/user_34hPp7fXOu4gkTrKKk2ESqFSfG1/77092dac-441e-4b77-bc4c-b6c090b75a7f_thumbnail.webp	img/3364983d4ee51e4b.jpg	118736	720x402
https://cdn.higgsfield.ai/user_34hPp7fXOu4gkTrKKk2ESqFSfG1/70dee7ab-2fa1-4a3d-a492-d9c052ae68f1_thumbnail_min.webp	img/c1e9740eee09e3eb.jpg	11304	600x900
https://cdn.higgsfield.ai/user_34hPp7fXOu4gkTrKKk2ESqFSfG1/82e8835c-ebcf-4010-9c11-49b53261ae64_thumbnail.webp	img/7b2d2086bf3d1d08.jpg	180680	720x398
https://cdn.higgsfield.ai/user_34hPp7fXOu4gkTrKKk2ESqFSfG1/659c6acd-65c1-4bc1-9886-c0c70a980c12_thumbnail.webp	img/b412478a1d9a6f38.jpg	44272	720x538
https://cdn.higgsfield.ai/user_34hPp7fXOu4gkTrKKk2ESqFSfG1/8643ad67-ee61-4a20-9e3c-8b9720c44382_thumbnail.webp	img/77aa46de2917e9e0.jpg	100936	720x398
https://cdn.higgsfield.ai/user_34hPp7fXOu4gkTrKKk2ESqFSfG1/84d6aaab-df32-4732-a1cc-8775f0a49369_thumbnail_min.webp	img/17b678429666f31a.jpg	6960	600x400
https://cdn.higgsfield.ai/user_34hPp7fXOu4gkTrKKk2ESqFSfG1/99bfcf3d-6a4e-4b2e-be73-49b9c53610a7_thumbnail_min.webp	img/1bdb7659ee6be147.jpg	53892	600x900
https://cdn.higgsfield.ai/user_34hPp7fXOu4gkTrKKk2ESqFSfG1/b98defce-5486-4fbb-8a07-8fd6b3052f44_thumbnail.webp	img/c350f78b5ebcc2c8.jpg	212628	720x398
https://cdn.higgsfield.ai/user_34hPp7fXOu4gkTrKKk2ESqFSfG1/bc76d789-3ac3-4995-bd8a-03f4f89ea4aa_thumbnail.webp	img/06995a49fda0fc95.jpg	147468	720x398
https://cdn.higgsfield.ai/user_34hPp7fXOu4gkTrKKk2ESqFSfG1/c09d2594-2376-4d56-90c8-061a72d47e5e_thumbnail.webp	img/8b08bb2fed699f6e.jpg	153466	720x398
https://cdn.higgsfield.ai/user_34hPp7fXOu4gkTrKKk2ESqFSfG1/c2c73cf8-d00e-450d-b648-baf96e14d880_thumbnail.webp	img/06413109ef728def.jpg	134682	720x398
https://cdn.higgsfield.ai/user_34hPp7fXOu4gkTrKKk2ESqFSfG1/c3f5681b-5527-4c87-aec8-cb4220e3813c_thumbnail.webp	img/eedf40f8316c65a3.jpg	135028	720x398
https://cdn.higgsfield.ai/user_34hPp7fXOu4gkTrKKk2ESqFSfG1/cdd48a9e-4405-4b31-acb1-f46ddfacacda_thumbnail.webp	img/47506019ed096645.jpg	108046	720x398
https://cdn.higgsfield.ai/user_34hPp7fXOu4gkTrKKk2ESqFSfG1/d4de4576-b75d-4adf-895b-6a8a0a445d98_thumbnail.webp	img/5c67f4048a96e327.jpg	109820	720x398
https://cdn.higgsfield.ai/user_34hPp7fXOu4gkTrKKk2ESqFSfG1/d505b1e8-afc2-4d6b-a87c-fe03174056b5_thumbnail.webp	img/cb28d75d905b2422.jpg	143912	720x538
https://cdn.higgsfield.ai/user_34hPp7fXOu4gkTrKKk2ESqFSfG1/de83aa9e-37bf-4c8a-9277-6d522c164c36_thumbnail.webp	img/766051815f5ddb85.jpg	95700	720x402
https://cdn.higgsfield.ai/user_34hPp7fXOu4gkTrKKk2ESqFSfG1/c4073e43-cf8e-405b-b0a6-b431a703f158_thumbnail.webp	img/b9e1f4ca86a7d10c.jpg	189554	720x398
https://cdn.higgsfield.ai/user_34hPp7fXOu4gkTrKKk2ESqFSfG1/dfa5fd78-8344-4ff6-a9fa-253c95821b63_thumbnail_min.webp	img/3a7b72cb12b5fba9.jpg	29994	600x1050
https://cdn.higgsfield.ai/user_34hPp7fXOu4gkTrKKk2ESqFSfG1/c6054e3a-ef20-4407-8a83-7cf7924cac7e_thumbnail_min.webp	img/e15cee85dc0bf204.jpg	22616	600x450
